	A	R	N	D	C	Q	E	G	H	I	L	K	M	F	P	S	T	W	Y	V
A	2	0	-1	-1	0	0	-1	0	0	-1	0	-1	-1	-2	0	-1	0	0	-1	0
R	0	2	-1	0	1	0	0	0	0	0	0	0	0	-1	0	0	0	0	-1	0
N	-1	-1	2	0	0	0	0	0	0	-1	-1	0	0	-2	-1	-1	0	0	0	0
D	-1	0	0	2	0	0	0	0	0	-1	-1	-1	-1	-1	0	-1	0	0	0	0
C	0	1	0	0	5	0	0	0	2	2	0	1	2	0	1	0	0	2	0	1
Q	0	0	0	0	0	3	-1	-1	0	0	0	0	-1	-2	0	-2	-1	-1	0	-1
E	-1	0	0	0	0	-1	3	0	0	-1	-1	0	-2	-2	1	-2	0	0	-1	0
G	0	0	0	0	0	-1	0	1	0	-1	0	-1	0	-1	0	-1	0	0	-1	0
H	0	0	0	0	2	0	0	0	2	0	0	0	0	2	0	-1	0	0	1	0
I	-1	0	-1	-1	2	0	-1	-1	0	2	0	0	0	-1	0	0	0	-1	-1	0
L	0	0	-1	-1	0	0	-1	0	0	0	2	-1	0	0	0	-1	-1	0	0	0
K	-1	0	0	-1	1	0	0	-1	0	0	-1	3	2	-2	0	-1	-1	-1	-3	0
M	-1	0	0	-1	2	-1	-2	0	0	0	0	2	3	0	0	-1	0	0	-2	0
F	-2	-1	-2	-1	0	-2	-2	-1	2	-1	0	-2	0	3	0	-2	0	0	2	0
P	0	0	-1	0	1	0	1	0	0	0	0	0	0	0	1	-1	0	0	-1	0
S	-1	0	-1	-1	0	-2	-2	-1	-1	0	-1	-1	-1	-2	-1	2	0	0	-2	-1
T	0	0	0	0	0	-1	0	0	0	0	-1	-1	0	0	0	0	1	0	0	0
W	0	0	0	0	2	-1	0	0	0	-1	0	-1	0	0	0	0	0	1	-1	0
Y	-1	-1	0	0	0	0	-1	-1	1	-1	0	-3	-2	2	-1	-2	0	-1	2	-1
V	0	0	0	0	1	-1	0	0	0	0	0	0	0	0	0	-1	0	0	-1	1
