CDR3	Gene	V	J	Epitope	MHC_class	Pathology	T_cell	Source
CSARRGTEAFF	TRB	TRBV20-1*01	TRBJ1-1*01	NLLLQYGSFCTQLNRAL	MHCII	SARS-CoV-2	CD4	VDJdb
CATSAPDRGNNQPQHF	TRB	TRBV24-1*01	TRBJ1-5*01	NLLLQYGSFCTQLNRAL	MHCII	SARS-CoV-2	CD4	VDJdb
CATSDFRVGDNQPQHF	TRB	TRBV24-1*01	TRBJ1-5*01	NLLLQYGSFCTQLNRAL	MHCII	SARS-CoV-2	CD4	VDJdb
CATSDPDRGDNQPQHF	TRB	TRBV24-1*01	TRBJ1-5*01	NLLLQYGSFCTQLNRAL	MHCII	SARS-CoV-2	CD4	VDJdb
CATSDPGQGDHQPQHF	TRB	TRBV24-1*01	TRBJ1-5*01	NLLLQYGSFCTQLNRAL	MHCII	SARS-CoV-2	CD4	VDJdb
CATSDPGQGNNQPQHF	TRB	TRBV24-1*01	TRBJ1-5*01	NLLLQYGSFCTQLNRAL	MHCII	SARS-CoV-2	CD4	VDJdb
CATSDPRQGDNQPQHF	TRB	TRBV24-1*01	TRBJ1-5*01	NLLLQYGSFCTQLNRAL	MHCII	SARS-CoV-2	CD4	VDJdb
CATSDPRTGDNQPQHF	TRB	TRBV24-1*01	TRBJ1-5*01	NLLLQYGSFCTQLNRAL	MHCII	SARS-CoV-2	CD4	VDJdb
CATSDPRVGDNQPQHF	TRB	TRBV24-1*01	TRBJ1-5*01	NLLLQYGSFCTQLNRAL	MHCII	SARS-CoV-2	CD4	VDJdb
CATSDPSRGDNQPQHF	TRB	TRBV24-1*01	TRBJ1-5*01	NLLLQYGSFCTQLNRAL	MHCII	SARS-CoV-2	CD4	VDJdb
CATSDVSGGNYNEQFF	TRB	TRBV24-1*01	TRBJ2-1*01	NLLLQYGSFCTQLNRAL	MHCII	SARS-CoV-2	CD4	VDJdb
CASSEGASNQPQHF	TRB	TRBV6-1*01	TRBJ1-5*01	NLLLQYGSFCTQLNRAL	MHCII	SARS-CoV-2	CD4	VDJdb
CASSEGVSNQPQHF	TRB	TRBV6-1*01	TRBJ1-5*01	NLLLQYGSFCTQLNRAL	MHCII	SARS-CoV-2	CD4	VDJdb
CAALNYGGSQGNLIF	TRA	TRAV35*01	TRAJ42*01	TFEYVSQPFLMDLE	MHCII	SARS-CoV-2	CD4	VDJdb
CASITGTGGFGYTF	TRB	TRBV6-1*01	TRBJ1-2*01	TFEYVSQPFLMDLE	MHCII	SARS-CoV-2	CD4	VDJdb
CAGQLYGGSQGNLIF	TRA	TRAV35*01	TRAJ42*01	TFEYVSQPFLMDLE	MHCII	SARS-CoV-2	CD4	VDJdb
CASSLRTSGTGEQFF	TRB	TRBV11-1*01	TRBJ2-1*01	TFEYVSQPFLMDLE	MHCII	SARS-CoV-2	CD4	VDJdb
CASSPRGRGAETQYF	TRB	TRBV7-2*01	TRBJ2-5*01	TFEYVSQPFLMDLE	MHCII	SARS-CoV-2	CD4	VDJdb
CAGQNYGGSQGNLIF	TRA	TRAV35*01	TRAJ42*01	TFEYVSQPFLMDLE	MHCII	SARS-CoV-2	CD4	VDJdb
CASSPRGPPNTGELFF	TRB	TRBV27*01	TRBJ2-2*01	TFEYVSQPFLMDLE	MHCII	SARS-CoV-2	CD4	VDJdb
CAGRNYGGSQGNLIF	TRA	TRAV35*01	TRAJ42*01	TFEYVSQPFLMDLE	MHCII	SARS-CoV-2	CD4	VDJdb
CASSIRPHDRYTF	TRB	TRBV6-2*01	TRBJ1-2*01	TFEYVSQPFLMDLE	MHCII	SARS-CoV-2	CD4	VDJdb
CAVSNYGGSQGNLIF	TRA	TRAV8-4*01	TRAJ42*01	TFEYVSQPFLMDLE	MHCII	SARS-CoV-2	CD4	VDJdb
CASSYRDPLQGQFF	TRB	TRBV28*01	TRBJ2-1*01	TFEYVSQPFLMDLE	MHCII	SARS-CoV-2	CD4	VDJdb
CAGQLSGGSNYKLTF	TRA	TRAV35*01	TRAJ53*01	TFEYVSQPFLMDLE	MHCII	SARS-CoV-2	CD4	VDJdb
CASSFNRRGLENYGYTF	TRB	TRBV5-4*01	TRBJ1-2*01	TFEYVSQPFLMDLE	MHCII	SARS-CoV-2	CD4	VDJdb
CAGFLYTGANSKLTF	TRA	TRAV35*01	TRAJ56*01	TFEYVSQPFLMDLE	MHCII	SARS-CoV-2	CD4	VDJdb
CASSGTLGQFF	TRB	TRBV7-9*01	TRBJ2-1*01	TFEYVSQPFLMDLE	MHCII	SARS-CoV-2	CD4	VDJdb
CAGQLFKAAGNKLTF	TRA	TRAV35*01	TRAJ17*01	TFEYVSQPFLMDLE	MHCII	SARS-CoV-2	CD4	VDJdb
CAGMNYGGSQGNLIF	TRA	TRAV35*01	TRAJ42*01	TFEYVSQPFLMDLE	MHCII	SARS-CoV-2	CD4	VDJdb
CASSKNPGQLYGYTF	TRB	TRBV6-2*01	TRBJ1-2*01	TFEYVSQPFLMDLE	MHCII	SARS-CoV-2	CD4	VDJdb
CATTSGGALYGYTF	TRB	TRBV19*01	TRBJ1-2*01	TFEYVSQPFLMDLE	MHCII	SARS-CoV-2	CD4	VDJdb
CAGLNYGGSQGNLIF	TRA	TRAV35*01	TRAJ42*01	TFEYVSQPFLMDLE	MHCII	SARS-CoV-2	CD4	VDJdb
CAWSRRGLGYTF	TRB	TRBV30*01	TRBJ1-2*01	TFEYVSQPFLMDLE	MHCII	SARS-CoV-2	CD4	VDJdb
CASSAQGALGYTF	TRB	TRBV9*01	TRBJ1-2*01	TFEYVSQPFLMDLE	MHCII	SARS-CoV-2	CD4	VDJdb
CASRTLRDSFGGYTF	TRB	TRBV11-2*01	TRBJ1-2*01	TFEYVSQPFLMDLE	MHCII	SARS-CoV-2	CD4	VDJdb
CASSSSQGSLYGYTF	TRB	TRBV11-2*01	TRBJ1-2*01	TFEYVSQPFLMDLE	MHCII	SARS-CoV-2	CD4	VDJdb
CASSMVRDRGIRYTEAFF	TRB	TRBV18*01	TRBJ1-1*01	TFEYVSQPFLMDLE	MHCII	SARS-CoV-2	CD4	VDJdb
CASSSDRGGFGYTF	TRB	TRBV9*01	TRBJ1-2*01	TFEYVSQPFLMDLE	MHCII	SARS-CoV-2	CD4	VDJdb
CASSDRGLGYTF	TRB	TRBV6-1*01	TRBJ1-2*01	TFEYVSQPFLMDLE	MHCII	SARS-CoV-2	CD4	VDJdb
CAAMNYGGSQGNLIF	TRA	TRAV35*01	TRAJ42*01	TFEYVSQPFLMDLE	MHCII	SARS-CoV-2	CD4	VDJdb
CAAQNYGGSQGNLIF	TRA	TRAV35*01	TRAJ42*01	TFEYVSQPFLMDLE	MHCII	SARS-CoV-2	CD4	VDJdb
CASSGRQGSYEQYF	TRB	TRBV6-1*01	TRBJ2-7*01	TFEYVSQPFLMDLE	MHCII	SARS-CoV-2	CD4	VDJdb
CASSVVRGQYYNSPLHF	TRB	TRBV6-5*01	TRBJ1-6*01	TFEYVSQPFLMDLE	MHCII	SARS-CoV-2	CD4	VDJdb
CASSPLRSTGRNGYTF	TRB	TRBV19*01	TRBJ1-2*01	TFEYVSQPFLMDLE	MHCII	SARS-CoV-2	CD4	VDJdb
CAWSGRAGGLDGYTF	TRB	TRBV30*01	TRBJ1-2*01	TFEYVSQPFLMDLE	MHCII	SARS-CoV-2	CD4	VDJdb
CASSLGRGSLYGYTF	TRB	TRBV12-3*01	TRBJ1-2*01	TFEYVSQPFLMDLE	MHCII	SARS-CoV-2	CD4	VDJdb
CASSTGQGALGYTF	TRB	TRBV6-1*01	TRBJ1-2*01	TFEYVSQPFLMDLE	MHCII	SARS-CoV-2	CD4	VDJdb
CASSARLTVNTGELFF	TRB	TRBV9*01	TRBJ2-2*01	TFEYVSQPFLMDLE	MHCII	SARS-CoV-2	CD4	VDJdb
CASSASRAGAASSSTDTQYF	TRB	TRBV6-4*01	TRBJ2-3*01	TFEYVSQPFLMDLE	MHCII	SARS-CoV-2	CD4	VDJdb
CASLNYGGSQGNLIF	TRA	TRAV35*01	TRAJ42*01	TFEYVSQPFLMDLE	MHCII	SARS-CoV-2	CD4	VDJdb
CASSHRSGGSNYGYTF	TRB	TRBV14*01	TRBJ1-2*01	TFEYVSQPFLMDLE	MHCII	SARS-CoV-2	CD4	VDJdb
CASQNYGGSQGNLIF	TRA	TRAV35*01	TRAJ42*01	TFEYVSQPFLMDLE	MHCII	SARS-CoV-2	CD4	VDJdb
CASIRSRGELYGYTF	TRB	TRBV7-2*01	TRBJ1-2*01	TFEYVSQPFLMDLE	MHCII	SARS-CoV-2	CD4	VDJdb
CAVMNYGGSQGNLIF	TRA	TRAV35*01	TRAJ42*01	TFEYVSQPFLMDLE	MHCII	SARS-CoV-2	CD4	VDJdb
CASGGQGNIHGYTF	TRB	TRBV6-1*01	TRBJ1-2*01	TFEYVSQPFLMDLE	MHCII	SARS-CoV-2	CD4	VDJdb
CASSFRGPGNTIYF	TRB	TRBV11-2*01	TRBJ1-3*01	TFEYVSQPFLMDLE	MHCII	SARS-CoV-2	CD4	VDJdb
CASHSGVDTQYF	TRB	TRBV6-4*01	TRBJ2-3*01	TFEYVSQPFLMDLE	MHCII	SARS-CoV-2	CD4	VDJdb
CASSPRLAGSTGELFF	TRB	TRBV9*01	TRBJ2-2*01	TFEYVSQPFLMDLE	MHCII	SARS-CoV-2	CD4	VDJdb
CASSLRAGAPTGELFF	TRB	TRBV7-2*01	TRBJ2-2*01	TFEYVSQPFLMDLE	MHCII	SARS-CoV-2	CD4	VDJdb
CASSLRGGSPTGYTF	TRB	TRBV11-2*01	TRBJ1-2*01	TFEYVSQPFLMDLE	MHCII	SARS-CoV-2	CD4	VDJdb
CASSPRDRVNTGELFF	TRB	TRBV7-2*01	TRBJ2-2*01	TFEYVSQPFLMDLE	MHCII	SARS-CoV-2	CD4	VDJdb
CASTARGGNGYTF	TRB	TRBV6-6*01	TRBJ1-2*01	TFEYVSQPFLMDLE	MHCII	SARS-CoV-2	CD4	VDJdb
CAGTNYGGATNKLIF	TRA	TRAV35*01	TRAJ32*01	TFEYVSQPFLMDLE	MHCII	SARS-CoV-2	CD4	VDJdb
CASRTKGGLGYTF	TRB	TRBV6-5*01	TRBJ1-2*01	TFEYVSQPFLMDLE	MHCII	SARS-CoV-2	CD4	VDJdb
CASSPRDRLNTGELFF	TRB	TRBV9*01	TRBJ2-2*01	TFEYVSQPFLMDLE	MHCII	SARS-CoV-2	CD4	VDJdb
CASSSRQGSPLHF	TRB	TRBV11-3*01	TRBJ1-6*01	TFEYVSQPFLMDLE	MHCII	SARS-CoV-2	CD4	VDJdb
CASSPRDRVASVSGNTIYF	TRB	TRBV9*01	TRBJ1-3*01	TFEYVSQPFLMDLE	MHCII	SARS-CoV-2	CD4	VDJdb
CAGMNYGGSQGNLIF	TRA	TRAV16*01	TRAJ42*01	TFEYVSQPFLMDLE	MHCII	SARS-CoV-2	CD4	VDJdb
CAGHNYGGSQGNLIF	TRA	TRAV35*01	TRAJ42*01	TFEYVSQPFLMDLE	MHCII	SARS-CoV-2	CD4	VDJdb
CASSSQGALNGYTF	TRB	TRBV25-1*01	TRBJ1-2*01	TFEYVSQPFLMDLE	MHCII	SARS-CoV-2	CD4	VDJdb
CASSLTRGAGSIGELFF	TRB	TRBV7-3*01	TRBJ2-2*01	TFEYVSQPFLMDLE	MHCII	SARS-CoV-2	CD4	VDJdb
CASSPDRGLGGYTF	TRB	TRBV25-1*01	TRBJ1-2*01	TFEYVSQPFLMDLE	MHCII	SARS-CoV-2	CD4	VDJdb
CASSSQGALYGYTF	TRB	TRBV25-1*01	TRBJ1-2*01	TFEYVSQPFLMDLE	MHCII	SARS-CoV-2	CD4	VDJdb
CASSYRARVNTGELFF	TRB	TRBV6-5*01	TRBJ2-2*01	TFEYVSQPFLMDLE	MHCII	SARS-CoV-2	CD4	VDJdb
CASSERDRVNTGELFF	TRB	TRBV9*01	TRBJ2-2*01	TFEYVSQPFLMDLE	MHCII	SARS-CoV-2	CD4	VDJdb
CASSYASGGRPNTGELFF	TRB	TRBV6-5*01	TRBJ2-2*01	TFEYVSQPFLMDLE	MHCII	SARS-CoV-2	CD4	VDJdb
CATSGRGGFGYTF	TRB	TRBV24-1*01	TRBJ1-2*01	TFEYVSQPFLMDLE	MHCII	SARS-CoV-2	CD4	VDJdb
CASSLRDRLNTGELFF	TRB	TRBV9*01	TRBJ2-2*01	TFEYVSQPFLMDLE	MHCII	SARS-CoV-2	CD4	VDJdb
CASSPRGSGNTIYF	TRB	TRBV6-6*01	TRBJ1-3*01	TFEYVSQPFLMDLE	MHCII	SARS-CoV-2	CD4	VDJdb
CASSRRGGDGYTF	TRB	TRBV11-2*01	TRBJ1-2*01	TFEYVSQPFLMDLE	MHCII	SARS-CoV-2	CD4	VDJdb
CASSGRGSFGYTF	TRB	TRBV6-1*01	TRBJ1-2*01	TFEYVSQPFLMDLE	MHCII	SARS-CoV-2	CD4	VDJdb
CASSARDRANTGELFF	TRB	TRBV9*01	TRBJ2-2*01	TFEYVSQPFLMDLE	MHCII	SARS-CoV-2	CD4	VDJdb
CASSPPRGGLGYTF	TRB	TRBV18*01	TRBJ1-2*01	TFEYVSQPFLMDLE	MHCII	SARS-CoV-2	CD4	VDJdb
CASSVTGGYGYTF	TRB	TRBV9*01	TRBJ1-2*01	TFEYVSQPFLMDLE	MHCII	SARS-CoV-2	CD4	VDJdb
CASRGRPGAFGYTF	TRB	TRBV19*01	TRBJ1-2*01	TFEYVSQPFLMDLE	MHCII	SARS-CoV-2	CD4	VDJdb
CAGSNYGGSQGNLIF	TRA	TRAV35*01	TRAJ42*01	TFEYVSQPFLMDLE	MHCII	SARS-CoV-2	CD4	VDJdb
CASSARQGTLRGYTF	TRB	TRBV2*01	TRBJ1-2*01	TFEYVSQPFLMDLE	MHCII	SARS-CoV-2	CD4	VDJdb
CASSYRGDYGYTF	TRB	TRBV6-2*01	TRBJ1-2*01	TFEYVSQPFLMDLE	MHCII	SARS-CoV-2	CD4	VDJdb
CAWSPRGTEAFF	TRB	TRBV30*01	TRBJ1-1*01	TFEYVSQPFLMDLE	MHCII	SARS-CoV-2	CD4	VDJdb
CASSFRKGSLNGYTF	TRB	TRBV27*01	TRBJ1-2*01	TFEYVSQPFLMDLE	MHCII	SARS-CoV-2	CD4	VDJdb
CASSYKRRPNTGELFF	TRB	TRBV6-5*01	TRBJ2-2*01	TFEYVSQPFLMDLE	MHCII	SARS-CoV-2	CD4	VDJdb
CASSLRGLEKLFF	TRB	TRBV6-6*01	TRBJ1-4*01	TFEYVSQPFLMDLE	MHCII	SARS-CoV-2	CD4	VDJdb
CAAHNSGGSNYKLTF	TRA	TRAV35*01	TRAJ53*01	TFEYVSQPFLMDLE	MHCII	SARS-CoV-2	CD4	VDJdb
CASSFRRDTPNGYTF	TRB	TRBV7-2*01	TRBJ1-2*01	TFEYVSQPFLMDLE	MHCII	SARS-CoV-2	CD4	VDJdb
CASSYSKGSLGYTF	TRB	TRBV6-2*01	TRBJ1-2*01	TFEYVSQPFLMDLE	MHCII	SARS-CoV-2	CD4	VDJdb
CASSATGGVGYTF	TRB	TRBV5-5*01	TRBJ1-2*01	TFEYVSQPFLMDLE	MHCII	SARS-CoV-2	CD4	VDJdb
CASSWGPGSLYGYTF	TRB	TRBV6-2*01	TRBJ1-2*01	TFEYVSQPFLMDLE	MHCII	SARS-CoV-2	CD4	VDJdb
CASSEDGTVTYEQYF	TRB	TRBV10-1*01	TRBJ2-7*01	TFEYVSQPFLMDLE	MHCII	SARS-CoV-2	CD4	VDJdb
CASSYRGDGLYGYTF	TRB	TRBV6-2*01	TRBJ1-2*01	TFEYVSQPFLMDLE	MHCII	SARS-CoV-2	CD4	VDJdb
CASSYRGQGLSGYTF	TRB	TRBV6-2*01	TRBJ1-2*01	TFEYVSQPFLMDLE	MHCII	SARS-CoV-2	CD4	VDJdb
CASSYSEGGLRGYTF	TRB	TRBV6-6*01	TRBJ1-2*01	TFEYVSQPFLMDLE	MHCII	SARS-CoV-2	CD4	VDJdb
CASSLRLRPNTGELFF	TRB	TRBV7-3*01	TRBJ2-2*01	TFEYVSQPFLMDLE	MHCII	SARS-CoV-2	CD4	VDJdb
CAVNWGDKLIF	TRA	TRAV12-2*01	TRAJ34*01	TFEYVSQPFLMDLE	MHCII	SARS-CoV-2	CD4	VDJdb
CASSPDIEAFF	TRB	TRBV7-9*01	TRBJ1-1*01	TFEYVSQPFLMDLE	MHCII	SARS-CoV-2	CD4	VDJdb
CAGLNYGGATNKLIF	TRA	TRAV35*01	TRAJ32*01	TFEYVSQPFLMDLE	MHCII	SARS-CoV-2	CD4	VDJdb
CAGLLYGGSQGNLIF	TRA	TRAV35*01	TRAJ42*01	TFEYVSQPFLMDLE	MHCII	SARS-CoV-2	CD4	VDJdb
CASSVRTDPSKAFF	TRB	TRBV9*01	TRBJ1-1*01	TFEYVSQPFLMDLE	MHCII	SARS-CoV-2	CD4	VDJdb
CASSLRTGQGVRTDTQYF	TRB	TRBV11-2*01	TRBJ2-3*01	TFEYVSQPFLMDLE	MHCII	SARS-CoV-2	CD4	VDJdb
CASSNRYGPYNEQFF	TRB	TRBV28*01	TRBJ2-1*01	TFEYVSQPFLMDLE	MHCII	SARS-CoV-2	CD4	VDJdb
CASSFGIGYTF	TRB	TRBV4-1*01	TRBJ1-2*01	TFEYVSQPFLMDLE	MHCII	SARS-CoV-2	CD4	VDJdb
CASHRTGGVYGYTF	TRB	TRBV6-1*01	TRBJ1-2*01	TFEYVSQPFLMDLE	MHCII	SARS-CoV-2	CD4	VDJdb
CASSSRRTGFGVNQPQHF	TRB	TRBV6-6*01	TRBJ1-5*01	TFEYVSQPFLMDLE	MHCII	SARS-CoV-2	CD4	VDJdb
CAISEGVGYTF	TRB	TRBV10-3*01	TRBJ1-2*01	TFEYVSQPFLMDLE	MHCII	SARS-CoV-2	CD4	VDJdb
CASSARESPNTGELFF	TRB	TRBV9*01	TRBJ2-2*01	TFEYVSQPFLMDLE	MHCII	SARS-CoV-2	CD4	VDJdb
CASSKTAGWEYGYTF	TRB	TRBV2*01	TRBJ1-2*01	TFEYVSQPFLMDLE	MHCII	SARS-CoV-2	CD4	VDJdb
CASMNYGGSQGNLIF	TRA	TRAV35*01	TRAJ42*01	TFEYVSQPFLMDLE	MHCII	SARS-CoV-2	CD4	VDJdb
CATSDRGQVYGYTF	TRB	TRBV24-1*01	TRBJ1-2*01	TFEYVSQPFLMDLE	MHCII	SARS-CoV-2	CD4	VDJdb
CAGQLYKAAGNKLTF	TRA	TRAV35*01	TRAJ17*01	TFEYVSQPFLMDLE	MHCII	SARS-CoV-2	CD4	VDJdb
CASSPRPGQGWSPLHF	TRB	TRBV28*01	TRBJ1-6*01	TFEYVSQPFLMDLE	MHCII	SARS-CoV-2	CD4	VDJdb
CASSPRDRANTGELFF	TRB	TRBV9*01	TRBJ2-2*01	TFEYVSQPFLMDLE	MHCII	SARS-CoV-2	CD4	VDJdb
CASSSRGDYGYTF	TRB	TRBV6-6*01	TRBJ1-2*01	TFEYVSQPFLMDLE	MHCII	SARS-CoV-2	CD4	VDJdb
CASSSREGLGYTF	TRB	TRBV11-2*01	TRBJ1-2*01	TFEYVSQPFLMDLE	MHCII	SARS-CoV-2	CD4	VDJdb
CASSPDRFNGLNTIYF	TRB	TRBV18*01	TRBJ1-3*01	TFEYVSQPFLMDLE	MHCII	SARS-CoV-2	CD4	VDJdb
CASSSRQGSLKQYF	TRB	TRBV6-6*01	TRBJ2-7*01	TFEYVSQPFLMDLE	MHCII	SARS-CoV-2	CD4	VDJdb
CALRAGTYKYIF	TRA	TRAV18*01	TRAJ40*01	TFEYVSQPFLMDLE	MHCII	SARS-CoV-2	CD4	VDJdb
CASSQAGWNTEAFF	TRB	TRBV4-1*01	TRBJ1-1*01	TFEYVSQPFLMDLE	MHCII	SARS-CoV-2	CD4	VDJdb
CASSPRLPLATGELFF	TRB	TRBV27*01	TRBJ2-2*01	TFEYVSQPFLMDLE	MHCII	SARS-CoV-2	CD4	VDJdb
CASSPRTSANTGELFF	TRB	TRBV9*01	TRBJ2-2*01	TFEYVSQPFLMDLE	MHCII	SARS-CoV-2	CD4	VDJdb
CAGQLHKAAGNKLTF	TRA	TRAV35*01	TRAJ17*01	TFEYVSQPFLMDLE	MHCII	SARS-CoV-2	CD4	VDJdb
CASSPRGTEAFF	TRB	TRBV18*01	TRBJ1-1*01	TFEYVSQPFLMDLE	MHCII	SARS-CoV-2	CD4	VDJdb
CASSPRTGTPHGYTF	TRB	TRBV12-3*01	TRBJ1-2*01	TFEYVSQPFLMDLE	MHCII	SARS-CoV-2	CD4	VDJdb
CASSHRDRPNTGELFF	TRB	TRBV9*01	TRBJ2-2*01	TFEYVSQPFLMDLE	MHCII	SARS-CoV-2	CD4	VDJdb
CASSGTFGYTF	TRB	TRBV6-2*01	TRBJ1-2*01	TFEYVSQPFLMDLE	MHCII	SARS-CoV-2	CD4	VDJdb
CAYLNYGGSQGNLIF	TRA	TRAV35*01	TRAJ42*01	TFEYVSQPFLMDLE	MHCII	SARS-CoV-2	CD4	VDJdb
CATPTGAFGYTF	TRB	TRBV7-9*01	TRBJ1-2*01	TFEYVSQPFLMDLE	MHCII	SARS-CoV-2	CD4	VDJdb
CAGHLFKAAGNKLTF	TRA	TRAV35*01	TRAJ17*01	TFEYVSQPFLMDLE	MHCII	SARS-CoV-2	CD4	VDJdb
CASRDRARSDTEAFF	TRB	TRBV7-9*01	TRBJ1-1*01	TFEYVSQPFLMDLE	MHCII	SARS-CoV-2	CD4	VDJdb
CAGFNYGGSQGNLIF	TRA	TRAV35*01	TRAJ42*01	TFEYVSQPFLMDLE	MHCII	SARS-CoV-2	CD4	VDJdb
CASSDRGALGYTF	TRB	TRBV11-2*01	TRBJ1-2*01	TFEYVSQPFLMDLE	MHCII	SARS-CoV-2	CD4	VDJdb
CASSARGGNGYTF	TRB	TRBV6-1*01	TRBJ1-2*01	TFEYVSQPFLMDLE	MHCII	SARS-CoV-2	CD4	VDJdb
CASSNRGLGYTF	TRB	TRBV6-4*01	TRBJ1-2*01	TFEYVSQPFLMDLE	MHCII	SARS-CoV-2	CD4	VDJdb
CASSAGVGYTF	TRB	TRBV4-1*01	TRBJ1-2*01	TFEYVSQPFLMDLE	MHCII	SARS-CoV-2	CD4	VDJdb
CAGQNYGGRQGNLIF	TRA	TRAV35*01	TRAJ42*01	TFEYVSQPFLMDLE	MHCII	SARS-CoV-2	CD4	VDJdb
CASSVRDRANTGELFF	TRB	TRBV9*01	TRBJ2-2*01	TFEYVSQPFLMDLE	MHCII	SARS-CoV-2	CD4	VDJdb
CASSYRNSGGYGYTF	TRB	TRBV6-2*01	TRBJ1-2*01	TFEYVSQPFLMDLE	MHCII	SARS-CoV-2	CD4	VDJdb
CASSRTGGVGYTF	TRB	TRBV6-4*01	TRBJ1-2*01	TFEYVSQPFLMDLE	MHCII	SARS-CoV-2	CD4	VDJdb
CASSYRGAYGYTF	TRB	TRBV6-5*01	TRBJ1-2*01	TFEYVSQPFLMDLE	MHCII	SARS-CoV-2	CD4	VDJdb
CAVSLISSGSARQLTF	TRA	TRAV8-6*01	TRAJ22*01	TFEYVSQPFLMDLE	MHCII	SARS-CoV-2	CD4	VDJdb
CASSLGPWETQYF	TRB	TRBV27*01	TRBJ2-5*01	TFEYVSQPFLMDLE	MHCII	SARS-CoV-2	CD4	VDJdb
CASSPRRGSLSGYTF	TRB	TRBV6-5*01	TRBJ1-2*01	TFEYVSQPFLMDLE	MHCII	SARS-CoV-2	CD4	VDJdb
CASSYNRGYGYTF	TRB	TRBV6-2*01	TRBJ1-2*01	TFEYVSQPFLMDLE	MHCII	SARS-CoV-2	CD4	VDJdb
CASTQRSGSWVSTDTQYF	TRB	TRBV6-1*01	TRBJ2-3*01	TFEYVSQPFLMDLE	MHCII	SARS-CoV-2	CD4	VDJdb
CASSPRQGSMGYTF	TRB	TRBV6-5*01	TRBJ1-2*01	TFEYVSQPFLMDLE	MHCII	SARS-CoV-2	CD4	VDJdb
CASSEGRLAGPNTGELFF	TRB	TRBV10-1*01	TRBJ2-2*01	TFEYVSQPFLMDLE	MHCII	SARS-CoV-2	CD4	VDJdb
CASSFRQGAREQYF	TRB	TRBV27*01	TRBJ2-7*01	TFEYVSQPFLMDLE	MHCII	SARS-CoV-2	CD4	VDJdb
CAGKNYGGSQGNLIF	TRA	TRAV35*01	TRAJ42*01	TFEYVSQPFLMDLE	MHCII	SARS-CoV-2	CD4	VDJdb
CASSYRQGAIYGYTF	TRB	TRBV6-5*01	TRBJ1-2*01	TFEYVSQPFLMDLE	MHCII	SARS-CoV-2	CD4	VDJdb
CASSPRLAGATGELFF	TRB	TRBV12-3*01	TRBJ2-2*01	TFEYVSQPFLMDLE	MHCII	SARS-CoV-2	CD4	VDJdb
CASSRASGSFGYTF	TRB	TRBV14*01	TRBJ1-2*01	TFEYVSQPFLMDLE	MHCII	SARS-CoV-2	CD4	VDJdb
CASSTRAGRLDGYTF	TRB	TRBV6-6*01	TRBJ1-2*01	TFEYVSQPFLMDLE	MHCII	SARS-CoV-2	CD4	VDJdb
CASSPRDRGGLGYTF	TRB	TRBV9*01	TRBJ1-2*01	TFEYVSQPFLMDLE	MHCII	SARS-CoV-2	CD4	VDJdb
CASSARLAGATGELFF	TRB	TRBV9*01	TRBJ2-2*01	TFEYVSQPFLMDLE	MHCII	SARS-CoV-2	CD4	VDJdb
CASSYRGTVYGYTF	TRB	TRBV6-2*01	TRBJ1-2*01	TFEYVSQPFLMDLE	MHCII	SARS-CoV-2	CD4	VDJdb
CASSYSKSALAGYTF	TRB	TRBV6-6*01	TRBJ1-2*01	TFEYVSQPFLMDLE	MHCII	SARS-CoV-2	CD4	VDJdb
CASIPRPGALGYTF	TRB	TRBV28*01	TRBJ1-2*01	TFEYVSQPFLMDLE	MHCII	SARS-CoV-2	CD4	VDJdb
CASIQRRGDYYGYTF	TRB	TRBV28*01	TRBJ1-2*01	TFEYVSQPFLMDLE	MHCII	SARS-CoV-2	CD4	VDJdb
CASSDSYPPRTGELFF	TRB	TRBV6-4*01	TRBJ2-2*01	TFEYVSQPFLMDLE	MHCII	SARS-CoV-2	CD4	VDJdb
CASSSRQGMLGGYTF	TRB	TRBV6-6*01	TRBJ1-2*01	TFEYVSQPFLMDLE	MHCII	SARS-CoV-2	CD4	VDJdb
CASSTRGAPLNGYTF	TRB	TRBV6-6*01	TRBJ1-2*01	TFEYVSQPFLMDLE	MHCII	SARS-CoV-2	CD4	VDJdb
CASSYSSGSLSGYTF	TRB	TRBV6-6*01	TRBJ1-2*01	TFEYVSQPFLMDLE	MHCII	SARS-CoV-2	CD4	VDJdb
CAVANYGGSQGNLIF	TRA	TRAV35*01	TRAJ42*01	TFEYVSQPFLMDLE	MHCII	SARS-CoV-2	CD4	VDJdb
CASSYRQGAMNGYTF	TRB	TRBV27*01	TRBJ1-2*01	TFEYVSQPFLMDLE	MHCII	SARS-CoV-2	CD4	VDJdb
CAVQNYGGSQGNLIF	TRA	TRAV20*01	TRAJ42*01	TFEYVSQPFLMDLE	MHCII	SARS-CoV-2	CD4	VDJdb
CASSFGRRATNTGELFF	TRB	TRBV7-2*01	TRBJ2-2*01	TFEYVSQPFLMDLE	MHCII	SARS-CoV-2	CD4	VDJdb
CAGHNSGGSNYKLTF	TRA	TRAV35*01	TRAJ53*01	TFEYVSQPFLMDLE	MHCII	SARS-CoV-2	CD4	VDJdb
CASSSRREVVYGYTF	TRB	TRBV14*01	TRBJ1-2*01	TFEYVSQPFLMDLE	MHCII	SARS-CoV-2	CD4	VDJdb
CAGLNSGGSNYKLTF	TRA	TRAV35*01	TRAJ53*01	TFEYVSQPFLMDLE	MHCII	SARS-CoV-2	CD4	VDJdb
CASSPRQGPLYGYTF	TRB	TRBV3-1*01	TRBJ1-2*01	TFEYVSQPFLMDLE	MHCII	SARS-CoV-2	CD4	VDJdb
CASSYSKSALRGYTF	TRB	TRBV6-2*01	TRBJ1-2*01	TFEYVSQPFLMDLE	MHCII	SARS-CoV-2	CD4	VDJdb
CAVGYGNKLVF	TRA	TRAV41*01	TRAJ47*01	TFEYVSQPFLMDLE	MHCII	SARS-CoV-2	CD4	VDJdb
CASSPRQGSLYGYTF	TRB	TRBV27*01	TRBJ1-2*01	TFEYVSQPFLMDLE	MHCII	SARS-CoV-2	CD4	VDJdb
CASSTRGPGNTIYF	TRB	TRBV9*01	TRBJ1-3*01	TFEYVSQPFLMDLE	MHCII	SARS-CoV-2	CD4	VDJdb
CATSTSGTYKYIF	TRA	TRAV14/DV4*01	TRAJ40*01	TFEYVSQPFLMDLE	MHCII	SARS-CoV-2	CD4	VDJdb
CASRFGTNSYNEQFF	TRB	TRBV12-3*01	TRBJ2-1*01	TFEYVSQPFLMDLE	MHCII	SARS-CoV-2	CD4	VDJdb
CASSLGDRGQLGYGYTF	TRB	TRBV5-5*01	TRBJ1-2*01	TFEYVSQPFLMDLE	MHCII	SARS-CoV-2	CD4	VDJdb
CASSPRGGHGYTF	TRB	TRBV14*01	TRBJ1-2*01	TFEYVSQPFLMDLE	MHCII	SARS-CoV-2	CD4	VDJdb
CASRRDRGLEGYTF	TRB	TRBV6-1*01	TRBJ1-2*01	TFEYVSQPFLMDLE	MHCII	SARS-CoV-2	CD4	VDJdb
CASTVPGQLYGYTF	TRB	TRBV6-1*01	TRBJ1-2*01	TFEYVSQPFLMDLE	MHCII	SARS-CoV-2	CD4	VDJdb
CASSSGRGSGYTF	TRB	TRBV6-2*01	TRBJ1-2*01	TFEYVSQPFLMDLE	MHCII	SARS-CoV-2	CD4	VDJdb
CASSPGQGSIYGYTF	TRB	TRBV7-8*01	TRBJ1-2*01	TFEYVSQPFLMDLE	MHCII	SARS-CoV-2	CD4	VDJdb
CASSRTGGSINGYTF	TRB	TRBV6-4*01	TRBJ1-2*01	TFEYVSQPFLMDLE	MHCII	SARS-CoV-2	CD4	VDJdb
CASSARQGIGLGTNEKLFF	TRB	TRBV6-6*01	TRBJ1-4*01	TFEYVSQPFLMDLE	MHCII	SARS-CoV-2	CD4	VDJdb
CASSPGQGSIYGYTF	TRB	TRBV6-4*01	TRBJ1-2*01	TFEYVSQPFLMDLE	MHCII	SARS-CoV-2	CD4	VDJdb
CASSPRGQGNTGELFF	TRB	TRBV5-1*01	TRBJ2-2*01	TFEYVSQPFLMDLE	MHCII	SARS-CoV-2	CD4	VDJdb
CATSPRGAWGYTF	TRB	TRBV24-1*01	TRBJ1-2*01	TFEYVSQPFLMDLE	MHCII	SARS-CoV-2	CD4	VDJdb
CASSQVRGRQFFTNEKLFF	TRB	TRBV4-1*01	TRBJ1-4*01	TFEYVSQPFLMDLE	MHCII	SARS-CoV-2	CD4	VDJdb
CASSYSRGNLGGYTF	TRB	TRBV6-6*01	TRBJ1-2*01	TFEYVSQPFLMDLE	MHCII	SARS-CoV-2	CD4	VDJdb
CALPMNSGGSNYKLTF	TRA	TRAV19*01	TRAJ53*01	TFEYVSQPFLMDLE	MHCII	SARS-CoV-2	CD4	VDJdb
CASSVVGGLGYTF	TRB	TRBV9*01	TRBJ1-2*01	TFEYVSQPFLMDLE	MHCII	SARS-CoV-2	CD4	VDJdb
CASSWGRRGPNTGELFF	TRB	TRBV27*01	TRBJ2-2*01	TFEYVSQPFLMDLE	MHCII	SARS-CoV-2	CD4	VDJdb
CASSRRDGNTIYF	TRB	TRBV3-1*01	TRBJ1-3*01	TFEYVSQPFLMDLE	MHCII	SARS-CoV-2	CD4	VDJdb
CAGQLHRAAGNKLTF	TRA	TRAV35*01	TRAJ17*01	TFEYVSQPFLMDLE	MHCII	SARS-CoV-2	CD4	VDJdb
CASSYGGDTQYF	TRB	TRBV6-2*01	TRBJ2-3*01	TFEYVSQPFLMDLE	MHCII	SARS-CoV-2	CD4	VDJdb
CAGSLHKAAGNKLTF	TRA	TRAV35*01	TRAJ17*01	TFEYVSQPFLMDLE	MHCII	SARS-CoV-2	CD4	VDJdb
CASSLGTSGLSGFF	TRB	TRBV7-9*01	TRBJ2-1*01	TFEYVSQPFLMDLE	MHCII	SARS-CoV-2	CD4	VDJdb
CAAKNYGGSQGNLIF	TRA	TRAV35*01	TRAJ42*01	TFEYVSQPFLMDLE	MHCII	SARS-CoV-2	CD4	VDJdb
CASKDRGLANTF	TRB	TRBV6-1*01	TRBJ1-2*01	TFEYVSQPFLMDLE	MHCII	SARS-CoV-2	CD4	VDJdb
CAGANYGGSQGNLIF	TRA	TRAV35*01	TRAJ42*01	TFEYVSQPFLMDLE	MHCII	SARS-CoV-2	CD4	VDJdb
CASSGRASALGQFF	TRB	TRBV6-1*01	TRBJ2-1*01	TFEYVSQPFLMDLE	MHCII	SARS-CoV-2	CD4	VDJdb
CASSFGRGSLGYTF	TRB	TRBV12-3*01	TRBJ1-2*01	TFEYVSQPFLMDLE	MHCII	SARS-CoV-2	CD4	VDJdb
CASSPRRTGLGEQYF	TRB	TRBV18*01	TRBJ2-7*01	TFEYVSQPFLMDLE	MHCII	SARS-CoV-2	CD4	VDJdb
CANKRDSLRGYTF	TRB	TRBV6-1*01	TRBJ1-2*01	TFEYVSQPFLMDLE	MHCII	SARS-CoV-2	CD4	VDJdb
CASSTGQGSVWGYTF	TRB	TRBV6-4*01	TRBJ1-2*01	TFEYVSQPFLMDLE	MHCII	SARS-CoV-2	CD4	VDJdb
CASSPRLAGGPFGELFF	TRB	TRBV5-1*01	TRBJ2-2*01	TFEYVSQPFLMDLE	MHCII	SARS-CoV-2	CD4	VDJdb
CASSYSRGRPQHF	TRB	TRBV6-2*01	TRBJ1-5*01	TFEYVSQPFLMDLE	MHCII	SARS-CoV-2	CD4	VDJdb
CASSTRQANTGELFF	TRB	TRBV5-4*01	TRBJ2-2*01	TFEYVSQPFLMDLE	MHCII	SARS-CoV-2	CD4	VDJdb
CASSYSRQQGPITGELFF	TRB	TRBV6-5*01	TRBJ2-2*01	TFEYVSQPFLMDLE	MHCII	SARS-CoV-2	CD4	VDJdb
CASSYSRGPPNTGELFF	TRB	TRBV6-5*01	TRBJ2-2*01	TFEYVSQPFLMDLE	MHCII	SARS-CoV-2	CD4	VDJdb
CASSPRSSANTGELFF	TRB	TRBV9*01	TRBJ2-2*01	TFEYVSQPFLMDLE	MHCII	SARS-CoV-2	CD4	VDJdb
CVGMNYGGSQGNLIF	TRA	TRAV10*01	TRAJ42*01	TFEYVSQPFLMDLE	MHCII	SARS-CoV-2	CD4	VDJdb
CAGQNSGGSNYKLTF	TRA	TRAV35*01	TRAJ53*01	TFEYVSQPFLMDLE	MHCII	SARS-CoV-2	CD4	VDJdb
CASSVRTGGLYGYTF	TRB	TRBV14*01	TRBJ1-2*01	TFEYVSQPFLMDLE	MHCII	SARS-CoV-2	CD4	VDJdb
CASSYRGADGYTF	TRB	TRBV11-2*01	TRBJ1-2*01	TFEYVSQPFLMDLE	MHCII	SARS-CoV-2	CD4	VDJdb
CATSDRTGWGYTF	TRB	TRBV24-1*01	TRBJ1-2*01	TFEYVSQPFLMDLE	MHCII	SARS-CoV-2	CD4	VDJdb
CASSPRGTEAFF	TRB	TRBV6-1*01	TRBJ1-1*01	TFEYVSQPFLMDLE	MHCII	SARS-CoV-2	CD4	VDJdb
CASVNRGGQPQHF	TRB	TRBV6-1*01	TRBJ1-5*01	TFEYVSQPFLMDLE	MHCII	SARS-CoV-2	CD4	VDJdb
CAGQLQKAAGNKLTF	TRA	TRAV35*01	TRAJ17*01	TFEYVSQPFLMDLE	MHCII	SARS-CoV-2	CD4	VDJdb
CASSKRQSTVYGYTF	TRB	TRBV7-2*01	TRBJ1-2*01	TFEYVSQPFLMDLE	MHCII	SARS-CoV-2	CD4	VDJdb
CASRGRGPETQYF	TRB	TRBV19*01	TRBJ2-5*01	TFEYVSQPFLMDLE	MHCII	SARS-CoV-2	CD4	VDJdb
CATSLTGGSGYTF	TRB	TRBV24-1*01	TRBJ1-2*01	TFEYVSQPFLMDLE	MHCII	SARS-CoV-2	CD4	VDJdb
CATSPRGAVGYTF	TRB	TRBV24-1*01	TRBJ1-2*01	TFEYVSQPFLMDLE	MHCII	SARS-CoV-2	CD4	VDJdb
CASSERQGSLYGYTF	TRB	TRBV6-1*01	TRBJ1-2*01	TFEYVSQPFLMDLE	MHCII	SARS-CoV-2	CD4	VDJdb
CASSYRGTGIYGYTF	TRB	TRBV6-2*01	TRBJ1-2*01	TFEYVSQPFLMDLE	MHCII	SARS-CoV-2	CD4	VDJdb
CASSVRDRVNTGELFF	TRB	TRBV9*01	TRBJ2-2*01	TFEYVSQPFLMDLE	MHCII	SARS-CoV-2	CD4	VDJdb
CASSKNRDSLPYGYTF	TRB	TRBV7-2*01	TRBJ1-2*01	TFEYVSQPFLMDLE	MHCII	SARS-CoV-2	CD4	VDJdb
CATMNYGGSQGNLIF	TRA	TRAV35*01	TRAJ42*01	TFEYVSQPFLMDLE	MHCII	SARS-CoV-2	CD4	VDJdb
CALPREYGNKLVF	TRA	TRAV16*01	TRAJ47*01	AALALLLLDRLNQLE	MHCII	SARS-CoV-2	CD4	VDJdb
CAASWGSSNTGKLIF	TRA	TRAV13-1*01	TRAJ37*01	AALALLLLDRLNQLE	MHCII	SARS-CoV-2	CD4	VDJdb
CALSEASGGSYIPTF	TRA	TRAV19*01	TRAJ6*01	AALALLLLDRLNQLE	MHCII	SARS-CoV-2	CD4	VDJdb
CAGQNYGGSQGNLIF	TRA	TRAV35*01	TRAJ42*01	NCTFEYVSQPFLMDL	MHCII	SARS-CoV-2	CD4	VDJdb
CAGMNYGGSQGNLIF	TRA	TRAV35*01	TRAJ42*01	NCTFEYVSQPFLMDL	MHCII	SARS-CoV-2	CD4	VDJdb
CAGLNYGGSQGNLIF	TRA	TRAV35*01	TRAJ42*01	NCTFEYVSQPFLMDL	MHCII	SARS-CoV-2	CD4	VDJdb
CAGYNSGGSNYKLTF	TRA	TRAV35*01	TRAJ53*01	NCTFEYVSQPFLMDL	MHCII	SARS-CoV-2	CD4	VDJdb
CAGQLYKAAGNKLTF	TRA	TRAV35*01	TRAJ17*01	NCTFEYVSQPFLMDL	MHCII	SARS-CoV-2	CD4	VDJdb
CAYRTLGGGGSNYKLTF	TRA	TRAV38-2/DV8*01	TRAJ53*01	NCTFEYVSQPFLMDL	MHCII	SARS-CoV-2	CD4	VDJdb
CILRDVSGGGSNYKLTF	TRA	TRAV26-2*01	TRAJ53*01	RISNCVADYSVLYNS	MHCII	SARS-CoV-2	CD4	VDJdb
CILRSSSGGGSNYKLTF	TRA	TRAV26-2*01	TRAJ53*01	RISNCVADYSVLYNS	MHCII	SARS-CoV-2	CD4	VDJdb
CAVSQGGSEKLVF	TRA	TRAV8-4*01	TRAJ57*01	RISNCVADYSVLYNS	MHCII	SARS-CoV-2	CD4	VDJdb
CAVNQGGSEKLVF	TRA	TRAV12-2*01	TRAJ57*01	RISNCVADYSVLYNS	MHCII	SARS-CoV-2	CD4	VDJdb
CAMKEASGTYKYIF	TRA	TRAV12-3*01	TRAJ40*01	RISNCVADYSVLYNS	MHCII	SARS-CoV-2	CD4	VDJdb
CVVSVGGGGADGLTF	TRA	TRAV10*01	TRAJ45*01	RISNCVADYSVLYNS	MHCII	SARS-CoV-2	CD4	VDJdb
CAATLFSGTYKYIF	TRA	TRAV13-1*01	TRAJ40*01	RISNCVADYSVLYNS	MHCII	SARS-CoV-2	CD4	VDJdb
CAVGYSSASKIIF	TRA	TRAV2*01	TRAJ3*01	VGGNYNYLYRLFRKS	MHCII	SARS-CoV-2	CD4	VDJdb
CAVNTGGFKTIF	TRA	TRAV2*01	TRAJ9*01	VGGNYNYLYRLFRKS	MHCII	SARS-CoV-2	CD4	VDJdb
CAAALNTNAGKSTF	TRA	TRAV13-1*01	TRAJ27*01	VGGNYNYLYRLFRKS	MHCII	SARS-CoV-2	CD4	VDJdb
CAVSEISGTYKYIF	TRA	TRAV8-4*01	TRAJ40*01	VGGNYNYLYRLFRKS	MHCII	SARS-CoV-2	CD4	VDJdb
CAVSLKDSSYKLIF	TRA	TRAV8-4*01	TRAJ12*01	VGGNYNYLYRLFRKS	MHCII	SARS-CoV-2	CD4	VDJdb
CATDRGNMLTF	TRA	TRAV17*01	TRAJ39*01	VGGNYNYLYRLFRKS	MHCII	SARS-CoV-2	CD4	VDJdb
CAVMNTGFQKLVF	TRA	TRAV2*01	TRAJ8*01	VGGNYNYLYRLFRKS	MHCII	SARS-CoV-2	CD4	VDJdb
CALPNTGFQKLVF	TRA	TRAV6*01	TRAJ8*01	VGGNYNYLYRLFRKS	MHCII	SARS-CoV-2	CD4	VDJdb
CAVRDGQNFVF	TRA	TRAV3*01	TRAJ26*01	VGGNYNYLYRLFRKS	MHCII	SARS-CoV-2	CD4	VDJdb
CAAREDSSYKLIF	TRA	TRAV13-1*01	TRAJ12*01	VGGNYNYLYRLFRKS	MHCII	SARS-CoV-2	CD4	VDJdb
CVVTPTPFSGGYNKLIF	TRA	TRAV10*01	TRAJ4*01	NNSYECDIPIGAGIC	MHCII	SARS-CoV-2	CD4	VDJdb
CALWNSGNTPLVF	TRA	TRAV16*01	TRAJ29*01	NNSYECDIPIGAGIC	MHCII	SARS-CoV-2	CD4	VDJdb
CAGVVSGTYKYIF	TRA	TRAV27*01	TRAJ40*01	NNSYECDIPIGAGIC	MHCII	SARS-CoV-2	CD4	VDJdb
CAAALNTNAGKSTF	TRA	TRAV13-1*01	TRAJ27*01	NNSYECDIPIGAGIC	MHCII	SARS-CoV-2	CD4	VDJdb
CALSGRNYGQNFVF	TRA	TRAV16*01	TRAJ26*01	NNSYECDIPIGAGIC	MHCII	SARS-CoV-2	CD4	VDJdb
CILRAYSGAGSYQLTF	TRA	TRAV26-2*01	TRAJ28*01	NFSQILPDPSKPSKR	MHCII	SARS-CoV-2	CD4	VDJdb
CIAHMYDSNYQLIW	TRA	TRAV26-1*01	TRAJ33*01	NFSQILPDPSKPSKR	MHCII	SARS-CoV-2	CD4	VDJdb
CAALGGGYKLSF	TRA	TRAV13-1*01	TRAJ20*01	NFSQILPDPSKPSKR	MHCII	SARS-CoV-2	CD4	VDJdb
CAVPSSGGSYIPTF	TRA	TRAV21*01	TRAJ6*01	NFSQILPDPSKPSKR	MHCII	SARS-CoV-2	CD4	VDJdb
CAVEDPGTYKYIF	TRA	TRAV2*01	TRAJ40*01	NFSQILPDPSKPSKR	MHCII	SARS-CoV-2	CD4	VDJdb
CAVTGSSNTGKLIF	TRA	TRAV1-1*01	TRAJ37*01	NFSQILPDPSKPSKR	MHCII	SARS-CoV-2	CD4	VDJdb
CATDAGSNYKLTF	TRA	TRAV17*01	TRAJ53*01	HWFVTQRNFYEPQII	MHCII	SARS-CoV-2	CD4	VDJdb
CATDRGSNYKLTF	TRA	TRAV17*01	TRAJ53*01	HWFVTQRNFYEPQII	MHCII	SARS-CoV-2	CD4	VDJdb
CATADSGGSNYKLTF	TRA	TRAV17*01	TRAJ53*01	HWFVTQRNFYEPQII	MHCII	SARS-CoV-2	CD4	VDJdb
CAYRSHNSGNTPLVF	TRA	TRAV38-2/DV8*01	TRAJ29*01	HWFVTQRNFYEPQII	MHCII	SARS-CoV-2	CD4	VDJdb
CAVSQGGSEKLVF	TRA	TRAV8-4*01	TRAJ57*01	HWFVTQRNFYEPQII	MHCII	SARS-CoV-2	CD4	VDJdb
CALTHLQGAQKLVF	TRA	TRAV16*01	TRAJ54*01	HWFVTQRNFYEPQII	MHCII	SARS-CoV-2	CD4	VDJdb
CALWNSGNTPLVF	TRA	TRAV16*01	TRAJ29*01	HWFVTQRNFYEPQII	MHCII	SARS-CoV-2	CD4	VDJdb
CALTDNTNAGKSTF	TRA	TRAV16*01	TRAJ27*01	HWFVTQRNFYEPQII	MHCII	SARS-CoV-2	CD4	VDJdb
CLVGEESGGNTPLVF	TRA	TRAV4*01	TRAJ29*01	HWFVTQRNFYEPQII	MHCII	SARS-CoV-2	CD4	VDJdb
CIVRVTSDQTGANNLFF	TRA	TRAV26-1*01	TRAJ36*01	HWFVTQRNFYEPQII	MHCII	SARS-CoV-2	CD4	VDJdb
CAGPRSGGGADGLTF	TRA	TRAV35*01	TRAJ45*01	HWFVTQRNFYEPQII	MHCII	SARS-CoV-2	CD4	VDJdb
CLVGYSNYGGSQGNLIF	TRA	TRAV4*01	TRAJ42*01	HWFVTQRNFYEPQII	MHCII	SARS-CoV-2	CD4	VDJdb
CAVSGVYSGNTPLVF	TRA	TRAV8-4*01	TRAJ29*01	HWFVTQRNFYEPQII	MHCII	SARS-CoV-2	CD4	VDJdb
CAVGGSQGNLIF	TRA	TRAV8-3*01	TRAJ42*01	HWFVTQRNFYEPQII	MHCII	SARS-CoV-2	CD4	VDJdb
CAAEGGGGNKLTF	TRA	TRAV13-1*01	TRAJ10*01	HWFVTQRNFYEPQII	MHCII	SARS-CoV-2	CD4	VDJdb
CIVRVWYNTDKLIF	TRA	TRAV26-1*01	TRAJ34*01	TFEYVSQPFLMDLE	MHCII	SARS-CoV-2	CD4	VDJdb
CASTQRDRDTGELFF	TRB	TRBV19*01	TRBJ2-2*01	TFEYVSQPFLMDLE	MHCII	SARS-CoV-2	CD4	VDJdb
CAVRRPGTQKLVF	TRA	TRAV20*01	TRAJ54*01	TFEYVSQPFLMDLE	MHCII	SARS-CoV-2	CD4	VDJdb
CASSPWLAGSSTDTQYF	TRB	TRBV7-2*01	TRBJ2-3*01	TFEYVSQPFLMDLE	MHCII	SARS-CoV-2	CD4	VDJdb
CGTEISNRNQFYF	TRA	TRAV30*01	TRAJ49*01	TFEYVSQPFLMDLE	MHCII	SARS-CoV-2	CD4	VDJdb
CAGQLAGGSNYQLIW	TRA	TRAV35*01	TRAJ33*01	TFEYVSQPFLMDLE	MHCII	SARS-CoV-2	CD4	VDJdb
CASSPRDRGTDTQYF	TRB	TRBV9*01	TRBJ2-3*01	TFEYVSQPFLMDLE	MHCII	SARS-CoV-2	CD4	VDJdb
CASSYSVAGGPNTGELFF	TRB	TRBV6-5*01	TRBJ2-2*01	TFEYVSQPFLMDLE	MHCII	SARS-CoV-2	CD4	VDJdb
CASSYRGAPVHGYTF	TRB	TRBV6-2*01	TRBJ1-2*01	TFEYVSQPFLMDLE	MHCII	SARS-CoV-2	CD4	VDJdb
CASTPRQGFGYTF	TRB	TRBV6-2*01	TRBJ1-2*01	TFEYVSQPFLMDLE	MHCII	SARS-CoV-2	CD4	VDJdb
CAVQLSPSGANSKLTF	TRA	TRAV20*01	TRAJ56*01	TFEYVSQPFLMDLE	MHCII	SARS-CoV-2	CD4	VDJdb
CASTNRPGQGANYGYTF	TRB	TRBV19*01	TRBJ1-2*01	TFEYVSQPFLMDLE	MHCII	SARS-CoV-2	CD4	VDJdb
CASSSTGSPYGYTF	TRB	TRBV11-2*01	TRBJ1-2*01	TFEYVSQPFLMDLE	MHCII	SARS-CoV-2	CD4	VDJdb
CASSRSLEAFF	TRB	TRBV6-2*01	TRBJ1-1*01	TFEYVSQPFLMDLE	MHCII	SARS-CoV-2	CD4	VDJdb
CAGHLYSGAGSYQLTF	TRA	TRAV35*01	TRAJ28*01	TFEYVSQPFLMDLE	MHCII	SARS-CoV-2	CD4	VDJdb
CASSRRQGIGGYTF	TRB	TRBV28*01	TRBJ1-2*01	TFEYVSQPFLMDLE	MHCII	SARS-CoV-2	CD4	VDJdb
CAGQLATGTASKLTF	TRA	TRAV35*01	TRAJ44*01	TFEYVSQPFLMDLE	MHCII	SARS-CoV-2	CD4	VDJdb
CASSRSGNYGYTF	TRB	TRBV7-2*01	TRBJ1-2*01	TFEYVSQPFLMDLE	MHCII	SARS-CoV-2	CD4	VDJdb
CASGLKGTGELFF	TRB	TRBV12-5*01	TRBJ2-2*01	TFEYVSQPFLMDLE	MHCII	SARS-CoV-2	CD4	VDJdb
CVVSDRAGGSYIPTF	TRA	TRAV8-2*01	TRAJ6*01	TFEYVSQPFLMDLE	MHCII	SARS-CoV-2	CD4	VDJdb
CAGLLFGGSQGNLIF	TRA	TRAV35*01	TRAJ42*01	TFEYVSQPFLMDLE	MHCII	SARS-CoV-2	CD4	VDJdb
CAIPQGYGYTF	TRB	TRBV10-3*01	TRBJ1-2*01	TFEYVSQPFLMDLE	MHCII	SARS-CoV-2	CD4	VDJdb
CAVRWRGKDGAGGADGLTF	TRA	TRAV41*01	TRAJ45*01	TFEYVSQPFLMDLE	MHCII	SARS-CoV-2	CD4	VDJdb
CASRNRSPKHGYTF	TRB	TRBV6-1*01	TRBJ1-2*01	TFEYVSQPFLMDLE	MHCII	SARS-CoV-2	CD4	VDJdb
CASSLNRAGDTGELFF	TRB	TRBV5-5*01	TRBJ2-2*01	TFEYVSQPFLMDLE	MHCII	SARS-CoV-2	CD4	VDJdb
CAVLNYGGSQGNLIF	TRA	TRAV35*01	TRAJ42*01	TFEYVSQPFLMDLE	MHCII	SARS-CoV-2	CD4	VDJdb
CASTPGRQGARGYTF	TRB	TRBV28*01	TRBJ1-2*01	TFEYVSQPFLMDLE	MHCII	SARS-CoV-2	CD4	VDJdb
CASSYGRVRTGELFF	TRB	TRBV6-5*01	TRBJ2-2*01	TFEYVSQPFLMDLE	MHCII	SARS-CoV-2	CD4	VDJdb
CAGRNSGGSNYKLTF	TRA	TRAV35*01	TRAJ53*01	TFEYVSQPFLMDLE	MHCII	SARS-CoV-2	CD4	VDJdb
CASSVAVDRGYGYTF	TRB	TRBV9*01	TRBJ1-2*01	TFEYVSQPFLMDLE	MHCII	SARS-CoV-2	CD4	VDJdb
CASSPARRANTGELFF	TRB	TRBV27*01	TRBJ2-2*01	TFEYVSQPFLMDLE	MHCII	SARS-CoV-2	CD4	VDJdb
CASSLRRTGLQGYTF	TRB	TRBV5-8*01	TRBJ1-2*01	TFEYVSQPFLMDLE	MHCII	SARS-CoV-2	CD4	VDJdb
CVVSDRWEYGNKLVF	TRA	TRAV8-2*01	TRAJ47*01	TFEYVSQPFLMDLE	MHCII	SARS-CoV-2	CD4	VDJdb
CASSPRPVTGLAEAFF	TRB	TRBV4-1*01	TRBJ1-1*01	TFEYVSQPFLMDLE	MHCII	SARS-CoV-2	CD4	VDJdb
CAARYDGQNFVF	TRA	TRAV3*01	TRAJ26*01	TFEYVSQPFLMDLE	MHCII	SARS-CoV-2	CD4	VDJdb
CASRPDRVDTEAFF	TRB	TRBV7-9*01	TRBJ1-1*01	TFEYVSQPFLMDLE	MHCII	SARS-CoV-2	CD4	VDJdb
CAGQLYTGTASKLTF	TRA	TRAV35*01	TRAJ44*01	TFEYVSQPFLMDLE	MHCII	SARS-CoV-2	CD4	VDJdb
CASSPRGQGEGYTF	TRB	TRBV9*01	TRBJ1-2*01	TFEYVSQPFLMDLE	MHCII	SARS-CoV-2	CD4	VDJdb
CASSLARNANTGELFF	TRB	TRBV5-5*01	TRBJ2-2*01	TFEYVSQPFLMDLE	MHCII	SARS-CoV-2	CD4	VDJdb
CASSSRGGEMGGYTF	TRB	TRBV6-6*01	TRBJ1-2*01	TFEYVSQPFLMDLE	MHCII	SARS-CoV-2	CD4	VDJdb
CASSARGAIGYTF	TRB	TRBV19*01	TRBJ1-2*01	TFEYVSQPFLMDLE	MHCII	SARS-CoV-2	CD4	VDJdb
CASKGLGSTDTQYF	TRB	TRBV18*01	TRBJ2-3*01	TFEYVSQPFLMDLE	MHCII	SARS-CoV-2	CD4	VDJdb
CASSVDRGSLRGYTF	TRB	TRBV10-1*01	TRBJ1-2*01	TFEYVSQPFLMDLE	MHCII	SARS-CoV-2	CD4	VDJdb
CATSLRGADGYTF	TRB	TRBV15*01	TRBJ1-2*01	TFEYVSQPFLMDLE	MHCII	SARS-CoV-2	CD4	VDJdb
CATSNRGALGYTF	TRB	TRBV15*01	TRBJ1-2*01	TFEYVSQPFLMDLE	MHCII	SARS-CoV-2	CD4	VDJdb
CASSPRGANGYTF	TRB	TRBV6-1*01	TRBJ1-2*01	TFEYVSQPFLMDLE	MHCII	SARS-CoV-2	CD4	VDJdb
CASRPRDQRYTF	TRB	TRBV6-5*01	TRBJ1-2*01	TFEYVSQPFLMDLE	MHCII	SARS-CoV-2	CD4	VDJdb
CASIPRLHLFTEAFF	TRB	TRBV6-1*01	TRBJ1-1*01	TFEYVSQPFLMDLE	MHCII	SARS-CoV-2	CD4	VDJdb
CASSYRGGGTGELFF	TRB	TRBV6-2*01	TRBJ2-2*01	TFEYVSQPFLMDLE	MHCII	SARS-CoV-2	CD4	VDJdb
CAARNYGGSQGNLIF	TRA	TRAV35*01	TRAJ42*01	TFEYVSQPFLMDLE	MHCII	SARS-CoV-2	CD4	VDJdb
CASAAGIEAFF	TRB	TRBV6-1*01	TRBJ1-1*01	TFEYVSQPFLMDLE	MHCII	SARS-CoV-2	CD4	VDJdb
CASSPRGGNGYTF	TRB	TRBV6-6*01	TRBJ1-2*01	TFEYVSQPFLMDLE	MHCII	SARS-CoV-2	CD4	VDJdb
CASSQGGLGYTF	TRB	TRBV4-1*01	TRBJ1-2*01	TFEYVSQPFLMDLE	MHCII	SARS-CoV-2	CD4	VDJdb
CASSDSFGYTF	TRB	TRBV6-1*01	TRBJ1-2*01	TFEYVSQPFLMDLE	MHCII	SARS-CoV-2	CD4	VDJdb
CASSYSPGSVYGYTF	TRB	TRBV6-2*01	TRBJ1-2*01	TFEYVSQPFLMDLE	MHCII	SARS-CoV-2	CD4	VDJdb
CASSATFGYTF	TRB	TRBV25-1*01	TRBJ1-2*01	TFEYVSQPFLMDLE	MHCII	SARS-CoV-2	CD4	VDJdb
CASSLRGDAGYTF	TRB	TRBV11-2*01	TRBJ1-2*01	TFEYVSQPFLMDLE	MHCII	SARS-CoV-2	CD4	VDJdb
CASGSSLGQYF	TRB	TRBV6-1*01	TRBJ2-7*01	TFEYVSQPFLMDLE	MHCII	SARS-CoV-2	CD4	VDJdb
CASSPRGGNGYTF	TRB	TRBV12-4*01	TRBJ1-2*01	TFEYVSQPFLMDLE	MHCII	SARS-CoV-2	CD4	VDJdb
CASRPDRGLGEQFF	TRB	TRBV11-3*01	TRBJ2-1*01	TFEYVSQPFLMDLE	MHCII	SARS-CoV-2	CD4	VDJdb
CASTRGGLGYTF	TRB	TRBV5-6*01	TRBJ1-2*01	TFEYVSQPFLMDLE	MHCII	SARS-CoV-2	CD4	VDJdb
CASSPRGRLNTGELFF	TRB	TRBV9*01	TRBJ2-2*01	TFEYVSQPFLMDLE	MHCII	SARS-CoV-2	CD4	VDJdb
CASRNRAGSPLHF	TRB	TRBV14*01	TRBJ1-6*01	TFEYVSQPFLMDLE	MHCII	SARS-CoV-2	CD4	VDJdb
CAWARRAGRASPTYGYTF	TRB	TRBV30*01	TRBJ1-2*01	TFEYVSQPFLMDLE	MHCII	SARS-CoV-2	CD4	VDJdb
CASSLERGQLYGYTF	TRB	TRBV7-9*01	TRBJ1-2*01	TFEYVSQPFLMDLE	MHCII	SARS-CoV-2	CD4	VDJdb
CASSYRGGTPLHF	TRB	TRBV6-5*01	TRBJ1-6*01	TFEYVSQPFLMDLE	MHCII	SARS-CoV-2	CD4	VDJdb
CASSPRPGAYSGYTF	TRB	TRBV27*01	TRBJ1-2*01	TFEYVSQPFLMDLE	MHCII	SARS-CoV-2	CD4	VDJdb
CASSFRGGDGYTF	TRB	TRBV6-6*01	TRBJ1-2*01	TFEYVSQPFLMDLE	MHCII	SARS-CoV-2	CD4	VDJdb
CASSNRQRNSLYGYTF	TRB	TRBV7-2*01	TRBJ1-2*01	TFEYVSQPFLMDLE	MHCII	SARS-CoV-2	CD4	VDJdb
CASSPSGRAPDTQYF	TRB	TRBV9*01	TRBJ2-3*01	TFEYVSQPFLMDLE	MHCII	SARS-CoV-2	CD4	VDJdb
CASSQSFGYTF	TRB	TRBV6-2*01	TRBJ1-2*01	TFEYVSQPFLMDLE	MHCII	SARS-CoV-2	CD4	VDJdb
CAGQLFGGSQGNLIF	TRA	TRAV35*01	TRAJ42*01	TFEYVSQPFLMDLE	MHCII	SARS-CoV-2	CD4	VDJdb
CASSLRGSGGYTF	TRB	TRBV7-9*01	TRBJ1-2*01	TFEYVSQPFLMDLE	MHCII	SARS-CoV-2	CD4	VDJdb
CASSVRQSNTGELFF	TRB	TRBV6-1*01	TRBJ2-2*01	TFEYVSQPFLMDLE	MHCII	SARS-CoV-2	CD4	VDJdb
CALLNYGGSQGNLIF	TRA	TRAV35*01	TRAJ42*01	TFEYVSQPFLMDLE	MHCII	SARS-CoV-2	CD4	VDJdb
CASSVGGLGYTF	TRB	TRBV6-1*01	TRBJ1-2*01	TFEYVSQPFLMDLE	MHCII	SARS-CoV-2	CD4	VDJdb
CASSFRGGSLYGYTF	TRB	TRBV12-3*01	TRBJ1-2*01	TFEYVSQPFLMDLE	MHCII	SARS-CoV-2	CD4	VDJdb
CASSLRTRLNTGELFF	TRB	TRBV9*01	TRBJ2-2*01	TFEYVSQPFLMDLE	MHCII	SARS-CoV-2	CD4	VDJdb
CASSVRGLANTGELFF	TRB	TRBV9*01	TRBJ2-2*01	TFEYVSQPFLMDLE	MHCII	SARS-CoV-2	CD4	VDJdb
CASSPRGTEAFF	TRB	TRBV19*01	TRBJ1-1*01	TFEYVSQPFLMDLE	MHCII	SARS-CoV-2	CD4	VDJdb
CASSPRTSGTGEQYF	TRB	TRBV14*01	TRBJ2-7*01	TFEYVSQPFLMDLE	MHCII	SARS-CoV-2	CD4	VDJdb
CASTLRRTVGTGELFF	TRB	TRBV6-1*01	TRBJ2-2*01	TFEYVSQPFLMDLE	MHCII	SARS-CoV-2	CD4	VDJdb
CASATPFGYTF	TRB	TRBV11-2*01	TRBJ1-2*01	TFEYVSQPFLMDLE	MHCII	SARS-CoV-2	CD4	VDJdb
CASSLTGGKGYTF	TRB	TRBV11-2*01	TRBJ1-2*01	TFEYVSQPFLMDLE	MHCII	SARS-CoV-2	CD4	VDJdb
CASSYTSGSLSGLFF	TRB	TRBV6-2*01	TRBJ1-4*01	TFEYVSQPFLMDLE	MHCII	SARS-CoV-2	CD4	VDJdb
CASSTRTNLYGYTF	TRB	TRBV14*01	TRBJ1-2*01	TFEYVSQPFLMDLE	MHCII	SARS-CoV-2	CD4	VDJdb
CASSPSGLLSLYF	TRB	TRBV4-1*01	TRBJ2-7*01	TFEYVSQPFLMDLE	MHCII	SARS-CoV-2	CD4	VDJdb
CASSQRGAIGYTF	TRB	TRBV4-3*01	TRBJ1-2*01	TFEYVSQPFLMDLE	MHCII	SARS-CoV-2	CD4	VDJdb
CASSSGAPYGYTF	TRB	TRBV25-1*01	TRBJ1-2*01	TFEYVSQPFLMDLE	MHCII	SARS-CoV-2	CD4	VDJdb
CSARTGIGYTF	TRB	TRBV20-1*01	TRBJ1-2*01	TFEYVSQPFLMDLE	MHCII	SARS-CoV-2	CD4	VDJdb
CASSSGGLGYTF	TRB	TRBV5-5*01	TRBJ1-2*01	TFEYVSQPFLMDLE	MHCII	SARS-CoV-2	CD4	VDJdb
CASSFRGADGYTF	TRB	TRBV27*01	TRBJ1-2*01	TFEYVSQPFLMDLE	MHCII	SARS-CoV-2	CD4	VDJdb
CARMNYGGSQGNLIF	TRA	TRAV35*01	TRAJ42*01	TFEYVSQPFLMDLE	MHCII	SARS-CoV-2	CD4	VDJdb
CASSYARRANTGELFF	TRB	TRBV27*01	TRBJ2-2*01	TFEYVSQPFLMDLE	MHCII	SARS-CoV-2	CD4	VDJdb
CASSSSRAANTGELFF	TRB	TRBV27*01	TRBJ2-2*01	TFEYVSQPFLMDLE	MHCII	SARS-CoV-2	CD4	VDJdb
CASSFSGSYGYTF	TRB	TRBV7-3*01	TRBJ1-2*01	TFEYVSQPFLMDLE	MHCII	SARS-CoV-2	CD4	VDJdb
CASSQSRGPVYGYTF	TRB	TRBV14*01	TRBJ1-2*01	TFEYVSQPFLMDLE	MHCII	SARS-CoV-2	CD4	VDJdb
CAGEAGGLGQYF	TRB	TRBV6-1*01	TRBJ2-3*01	TFEYVSQPFLMDLE	MHCII	SARS-CoV-2	CD4	VDJdb
CASSLKTGGWGYTF	TRB	TRBV5-8*01	TRBJ1-2*01	TFEYVSQPFLMDLE	MHCII	SARS-CoV-2	CD4	VDJdb
CSGRGRGPETQYF	TRB	TRBV29-1*01	TRBJ2-5*01	TFEYVSQPFLMDLE	MHCII	SARS-CoV-2	CD4	VDJdb
CASGGAWGYTF	TRB	TRBV6-1*01	TRBJ1-2*01	TFEYVSQPFLMDLE	MHCII	SARS-CoV-2	CD4	VDJdb
CASSFSRTGYFSGNTIYF	TRB	TRBV12-3*01	TRBJ1-3*01	TFEYVSQPFLMDLE	MHCII	SARS-CoV-2	CD4	VDJdb
CASSGTRGALGYTF	TRB	TRBV6-1*01	TRBJ1-2*01	TFEYVSQPFLMDLE	MHCII	SARS-CoV-2	CD4	VDJdb
CASTTRRGNTGELFF	TRB	TRBV6-1*01	TRBJ2-2*01	TFEYVSQPFLMDLE	MHCII	SARS-CoV-2	CD4	VDJdb
CASSLRGDYGYTF	TRB	TRBV11-2*01	TRBJ1-2*01	TFEYVSQPFLMDLE	MHCII	SARS-CoV-2	CD4	VDJdb
CASSYRGAYGYTF	TRB	TRBV6-2*01	TRBJ1-2*01	TFEYVSQPFLMDLE	MHCII	SARS-CoV-2	CD4	VDJdb
CASSFTGGSPRGYTF	TRB	TRBV5-5*01	TRBJ1-2*01	TFEYVSQPFLMDLE	MHCII	SARS-CoV-2	CD4	VDJdb
CAGLLFKAAGNKLTF	TRA	TRAV35*01	TRAJ17*01	TFEYVSQPFLMDLE	MHCII	SARS-CoV-2	CD4	VDJdb
CASNPRGGDGYTF	TRB	TRBV6-1*01	TRBJ1-2*01	TFEYVSQPFLMDLE	MHCII	SARS-CoV-2	CD4	VDJdb
CASSSSGSLKGYTF	TRB	TRBV6-1*01	TRBJ1-2*01	TFEYVSQPFLMDLE	MHCII	SARS-CoV-2	CD4	VDJdb
CASSPRKNTGTGGNGYTF	TRB	TRBV18*01	TRBJ1-2*01	TFEYVSQPFLMDLE	MHCII	SARS-CoV-2	CD4	VDJdb
CASSHGVGYTF	TRB	TRBV4-1*01	TRBJ1-2*01	TFEYVSQPFLMDLE	MHCII	SARS-CoV-2	CD4	VDJdb
CASSPRTGALNGYTF	TRB	TRBV7-2*01	TRBJ1-2*01	TFEYVSQPFLMDLE	MHCII	SARS-CoV-2	CD4	VDJdb
CASSPRRDSPTGYTF	TRB	TRBV7-2*01	TRBJ1-2*01	TFEYVSQPFLMDLE	MHCII	SARS-CoV-2	CD4	VDJdb
CASYFGRGGHGYTF	TRB	TRBV19*01	TRBJ1-2*01	TFEYVSQPFLMDLE	MHCII	SARS-CoV-2	CD4	VDJdb
CATLNYGGSQGNLIF	TRA	TRAV35*01	TRAJ42*01	TFEYVSQPFLMDLE	MHCII	SARS-CoV-2	CD4	VDJdb
CASSPARGQIYGYTF	TRB	TRBV12-3*01	TRBJ1-2*01	TFEYVSQPFLMDLE	MHCII	SARS-CoV-2	CD4	VDJdb
CASSFSRGSLGGYTF	TRB	TRBV12-3*01	TRBJ1-2*01	TFEYVSQPFLMDLE	MHCII	SARS-CoV-2	CD4	VDJdb
CASSYGGGPLRGYTF	TRB	TRBV6-2*01	TRBJ1-2*01	TFEYVSQPFLMDLE	MHCII	SARS-CoV-2	CD4	VDJdb
CASSYRGGGNTIYF	TRB	TRBV7-2*01	TRBJ1-3*01	TFEYVSQPFLMDLE	MHCII	SARS-CoV-2	CD4	VDJdb
CASSSRGANGYTF	TRB	TRBV6-2*01	TRBJ1-2*01	TFEYVSQPFLMDLE	MHCII	SARS-CoV-2	CD4	VDJdb
CASSTNPGTASWGYTF	TRB	TRBV11-2*01	TRBJ1-2*01	TFEYVSQPFLMDLE	MHCII	SARS-CoV-2	CD4	VDJdb
CASRDRAPETQYF	TRB	TRBV25-1*01	TRBJ2-5*01	TFEYVSQPFLMDLE	MHCII	SARS-CoV-2	CD4	VDJdb
CAGMNYGGATNKLIF	TRA	TRAV35*01	TRAJ32*01	TFEYVSQPFLMDLE	MHCII	SARS-CoV-2	CD4	VDJdb
CASSPRGSFGYTF	TRB	TRBV6-2*01	TRBJ1-2*01	TFEYVSQPFLMDLE	MHCII	SARS-CoV-2	CD4	VDJdb
CASSALRGQIYGYTF	TRB	TRBV19*01	TRBJ1-2*01	TFEYVSQPFLMDLE	MHCII	SARS-CoV-2	CD4	VDJdb
CAWKSRRQNLYGYTF	TRB	TRBV30*01	TRBJ1-2*01	TFEYVSQPFLMDLE	MHCII	SARS-CoV-2	CD4	VDJdb
CAPMNYGGSQGNLIF	TRA	TRAV35*01	TRAJ42*01	TFEYVSQPFLMDLE	MHCII	SARS-CoV-2	CD4	VDJdb
CASSISFGYTF	TRB	TRBV19*01	TRBJ1-2*01	TFEYVSQPFLMDLE	MHCII	SARS-CoV-2	CD4	VDJdb
CASSYRQGSLHGYTF	TRB	TRBV6-5*01	TRBJ1-2*01	TFEYVSQPFLMDLE	MHCII	SARS-CoV-2	CD4	VDJdb
CASSLRGDYGYTF	TRB	TRBV6-2*01	TRBJ1-2*01	TFEYVSQPFLMDLE	MHCII	SARS-CoV-2	CD4	VDJdb
CASSFTPGTPYGYTF	TRB	TRBV6-2*01	TRBJ1-2*01	TFEYVSQPFLMDLE	MHCII	SARS-CoV-2	CD4	VDJdb
CASSERGQGGYTF	TRB	TRBV6-1*01	TRBJ1-2*01	TFEYVSQPFLMDLE	MHCII	SARS-CoV-2	CD4	VDJdb
CASSGRSGGFGYTF	TRB	TRBV12-3*01	TRBJ1-2*01	TFEYVSQPFLMDLE	MHCII	SARS-CoV-2	CD4	VDJdb
CASSSRGADGYTF	TRB	TRBV7-9*01	TRBJ1-2*01	TFEYVSQPFLMDLE	MHCII	SARS-CoV-2	CD4	VDJdb
CASSGRQGAVDGYTF	TRB	TRBV6-1*01	TRBJ1-2*01	TFEYVSQPFLMDLE	MHCII	SARS-CoV-2	CD4	VDJdb
CASTNRGRTEAFF	TRB	TRBV6-5*01	TRBJ1-1*01	TFEYVSQPFLMDLE	MHCII	SARS-CoV-2	CD4	VDJdb
CASHSGTSKAFF	TRB	TRBV6-2*01	TRBJ1-1*01	TFEYVSQPFLMDLE	MHCII	SARS-CoV-2	CD4	VDJdb
CASSPRFPPGTGELFF	TRB	TRBV7-2*01	TRBJ2-2*01	TFEYVSQPFLMDLE	MHCII	SARS-CoV-2	CD4	VDJdb
CASSYSPGQLYGYTF	TRB	TRBV6-6*01	TRBJ1-2*01	TFEYVSQPFLMDLE	MHCII	SARS-CoV-2	CD4	VDJdb
CASSLRGADGYTF	TRB	TRBV5-5*01	TRBJ1-2*01	TFEYVSQPFLMDLE	MHCII	SARS-CoV-2	CD4	VDJdb
CASTPRQGSLGQFF	TRB	TRBV27*01	TRBJ2-1*01	TFEYVSQPFLMDLE	MHCII	SARS-CoV-2	CD4	VDJdb
CASSLRGAHGYTF	TRB	TRBV27*01	TRBJ1-2*01	TFEYVSQPFLMDLE	MHCII	SARS-CoV-2	CD4	VDJdb
CASIYVLGSTYGYTF	TRB	TRBV6-1*01	TRBJ1-2*01	TFEYVSQPFLMDLE	MHCII	SARS-CoV-2	CD4	VDJdb
CASSPRTSGLGEQFF	TRB	TRBV14*01	TRBJ2-1*01	TFEYVSQPFLMDLE	MHCII	SARS-CoV-2	CD4	VDJdb
CASSHRKGALEAFF	TRB	TRBV11-2*01	TRBJ1-1*01	TFEYVSQPFLMDLE	MHCII	SARS-CoV-2	CD4	VDJdb
CASSVPGRNYEQYF	TRB	TRBV9*01	TRBJ2-7*01	TFEYVSQPFLMDLE	MHCII	SARS-CoV-2	CD4	VDJdb
CASSQRARGQETQYF	TRB	TRBV3-1*01	TRBJ2-5*01	TFEYVSQPFLMDLE	MHCII	SARS-CoV-2	CD4	VDJdb
CASSYSRGTVYGYTF	TRB	TRBV6-2*01	TRBJ1-2*01	TFEYVSQPFLMDLE	MHCII	SARS-CoV-2	CD4	VDJdb
CAPENYGGSQGNLIF	TRA	TRAV35*01	TRAJ42*01	TFEYVSQPFLMDLE	MHCII	SARS-CoV-2	CD4	VDJdb
CASSSSPGRIYGYTF	TRB	TRBV6-2*01	TRBJ1-2*01	TFEYVSQPFLMDLE	MHCII	SARS-CoV-2	CD4	VDJdb
CAGCLYGGSQGNLIF	TRA	TRAV35*01	TRAJ42*01	TFEYVSQPFLMDLE	MHCII	SARS-CoV-2	CD4	VDJdb
CASSPSGGPTLRYGYTF	TRB	TRBV9*01	TRBJ1-2*01	TFEYVSQPFLMDLE	MHCII	SARS-CoV-2	CD4	VDJdb
CASSYSKGSLAQHF	TRB	TRBV6-5*01	TRBJ1-5*01	TFEYVSQPFLMDLE	MHCII	SARS-CoV-2	CD4	VDJdb
CASSLRPGTLYGYTF	TRB	TRBV6-2*01	TRBJ1-2*01	TFEYVSQPFLMDLE	MHCII	SARS-CoV-2	CD4	VDJdb
CASSASVGYTF	TRB	TRBV6-1*01	TRBJ1-2*01	TFEYVSQPFLMDLE	MHCII	SARS-CoV-2	CD4	VDJdb
CASSYRAPSNTGELFF	TRB	TRBV7-2*01	TRBJ2-2*01	TFEYVSQPFLMDLE	MHCII	SARS-CoV-2	CD4	VDJdb
CASSYSTGSLGYTF	TRB	TRBV6-2*01	TRBJ1-2*01	TFEYVSQPFLMDLE	MHCII	SARS-CoV-2	CD4	VDJdb
CASSERGALGAFF	TRB	TRBV25-1*01	TRBJ1-1*01	TFEYVSQPFLMDLE	MHCII	SARS-CoV-2	CD4	VDJdb
CASSARQGADLSGYTF	TRB	TRBV6-1*01	TRBJ1-2*01	TFEYVSQPFLMDLE	MHCII	SARS-CoV-2	CD4	VDJdb
CSAPRRTMNTEAFF	TRB	TRBV20-1*01	TRBJ1-1*01	TFEYVSQPFLMDLE	MHCII	SARS-CoV-2	CD4	VDJdb
CASSARGRVNTGELFF	TRB	TRBV6-1*01	TRBJ2-2*01	TFEYVSQPFLMDLE	MHCII	SARS-CoV-2	CD4	VDJdb
CAIPGLTTLHGYTF	TRB	TRBV6-1*01	TRBJ1-2*01	TFEYVSQPFLMDLE	MHCII	SARS-CoV-2	CD4	VDJdb
CASSQIRGATNEKLFF	TRB	TRBV7-9*01	TRBJ1-4*01	TFEYVSQPFLMDLE	MHCII	SARS-CoV-2	CD4	VDJdb
CASSYSAGVIYGYTF	TRB	TRBV6-2*01	TRBJ1-2*01	TFEYVSQPFLMDLE	MHCII	SARS-CoV-2	CD4	VDJdb
CASSPRQGANTGELFF	TRB	TRBV9*01	TRBJ2-2*01	TFEYVSQPFLMDLE	MHCII	SARS-CoV-2	CD4	VDJdb
CASSYSLGQPQHF	TRB	TRBV6-2*01	TRBJ1-5*01	TFEYVSQPFLMDLE	MHCII	SARS-CoV-2	CD4	VDJdb
CGTEINNDMRF	TRA	TRAV30*01	TRAJ43*01	TFEYVSQPFLMDLE	MHCII	SARS-CoV-2	CD4	VDJdb
CASSESPSGQETQYF	TRB	TRBV10-2*01	TRBJ2-5*01	TFEYVSQPFLMDLE	MHCII	SARS-CoV-2	CD4	VDJdb
CAISESFGYTF	TRB	TRBV10-3*01	TRBJ1-2*01	TFEYVSQPFLMDLE	MHCII	SARS-CoV-2	CD4	VDJdb
CASSYRGSDGYTF	TRB	TRBV6-2*01	TRBJ1-2*01	TFEYVSQPFLMDLE	MHCII	SARS-CoV-2	CD4	VDJdb
CACLNYGGSQGNLIF	TRA	TRAV35*01	TRAJ42*01	TFEYVSQPFLMDLE	MHCII	SARS-CoV-2	CD4	VDJdb
CASSQRGAVGYTF	TRB	TRBV14*01	TRBJ1-2*01	TFEYVSQPFLMDLE	MHCII	SARS-CoV-2	CD4	VDJdb
CAVVGNAGGTSYGKLTF	TRA	TRAV36/DV7*01	TRAJ52*01	TFEYVSQPFLMDLE	MHCII	SARS-CoV-2	CD4	VDJdb
CASSSKPTGYSNQPQHF	TRB	TRBV5-6*01	TRBJ1-5*01	TFEYVSQPFLMDLE	MHCII	SARS-CoV-2	CD4	VDJdb
CASSYTRDGLVGQYF	TRB	TRBV6-2*01	TRBJ2-7*01	TFEYVSQPFLMDLE	MHCII	SARS-CoV-2	CD4	VDJdb
CASSLARVGNVYGYTF	TRB	TRBV5-5*01	TRBJ1-2*01	TFEYVSQPFLMDLE	MHCII	SARS-CoV-2	CD4	VDJdb
CASSLRGALGAFF	TRB	TRBV27*01	TRBJ1-1*01	TFEYVSQPFLMDLE	MHCII	SARS-CoV-2	CD4	VDJdb
CASSPRRGHLEAFF	TRB	TRBV7-2*01	TRBJ1-1*01	TFEYVSQPFLMDLE	MHCII	SARS-CoV-2	CD4	VDJdb
CASSYSRISNYGYTF	TRB	TRBV6-5*01	TRBJ1-2*01	TFEYVSQPFLMDLE	MHCII	SARS-CoV-2	CD4	VDJdb
CSARGLAGDTQYF	TRB	TRBV20-1*01	TRBJ2-3*01	TFEYVSQPFLMDLE	MHCII	SARS-CoV-2	CD4	VDJdb
CASSSRAGGNSPLHF	TRB	TRBV6-2*01	TRBJ1-6*01	TFEYVSQPFLMDLE	MHCII	SARS-CoV-2	CD4	VDJdb
CAPPPDNYGQNFVF	TRA	TRAV9-2*01	TRAJ26*01	TFEYVSQPFLMDLE	MHCII	SARS-CoV-2	CD4	VDJdb
CASSPQFGLAGELFF	TRB	TRBV9*01	TRBJ2-2*01	TFEYVSQPFLMDLE	MHCII	SARS-CoV-2	CD4	VDJdb
CASSSRGPPNTGELFF	TRB	TRBV6-5*01	TRBJ2-2*01	TFEYVSQPFLMDLE	MHCII	SARS-CoV-2	CD4	VDJdb
CASSVTGGWEQYF	TRB	TRBV9*01	TRBJ2-7*01	TFEYVSQPFLMDLE	MHCII	SARS-CoV-2	CD4	VDJdb
CSVKTRDGSTEAFF	TRB	TRBV29-1*01	TRBJ1-1*01	TFEYVSQPFLMDLE	MHCII	SARS-CoV-2	CD4	VDJdb
CAALNSGGSNYKLTF	TRA	TRAV35*01	TRAJ53*01	TFEYVSQPFLMDLE	MHCII	SARS-CoV-2	CD4	VDJdb
CASSSYRGAYNEQFF	TRB	TRBV19*01	TRBJ2-1*01	TFEYVSQPFLMDLE	MHCII	SARS-CoV-2	CD4	VDJdb
CASRRWTSGKGTDTQYF	TRB	TRBV2*01	TRBJ2-3*01	TFEYVSQPFLMDLE	MHCII	SARS-CoV-2	CD4	VDJdb
CASSYSPGQLYGYTF	TRB	TRBV6-2*01	TRBJ1-2*01	TFEYVSQPFLMDLE	MHCII	SARS-CoV-2	CD4	VDJdb
CAWAKSFGYTF	TRB	TRBV30*01	TRBJ1-2*01	TFEYVSQPFLMDLE	MHCII	SARS-CoV-2	CD4	VDJdb
CASSPRQASFGANVLTF	TRB	TRBV4-1*01	TRBJ2-6*01	TFEYVSQPFLMDLE	MHCII	SARS-CoV-2	CD4	VDJdb
CAIGGTIGYTF	TRB	TRBV6-1*01	TRBJ1-2*01	TFEYVSQPFLMDLE	MHCII	SARS-CoV-2	CD4	VDJdb
CASTRGALTNTGELFF	TRB	TRBV9*01	TRBJ2-2*01	TFEYVSQPFLMDLE	MHCII	SARS-CoV-2	CD4	VDJdb
CASSARGSGYTF	TRB	TRBV25-1*01	TRBJ1-2*01	TFEYVSQPFLMDLE	MHCII	SARS-CoV-2	CD4	VDJdb
CAGLLYKAAGNKLTF	TRA	TRAV35*01	TRAJ17*01	TFEYVSQPFLMDLE	MHCII	SARS-CoV-2	CD4	VDJdb
CASSRRGLNTGELFF	TRB	TRBV6-5*01	TRBJ2-2*01	TFEYVSQPFLMDLE	MHCII	SARS-CoV-2	CD4	VDJdb
CAVSPGNAGNMLTF	TRA	TRAV8-4*01	TRAJ39*01	TFEYVSQPFLMDLE	MHCII	SARS-CoV-2	CD4	VDJdb
CASRDHNTQYF	TRB	TRBV6-4*01	TRBJ2-3*01	TFEYVSQPFLMDLE	MHCII	SARS-CoV-2	CD4	VDJdb
CASSDSFKAFF	TRB	TRBV6-1*01	TRBJ1-1*01	TFEYVSQPFLMDLE	MHCII	SARS-CoV-2	CD4	VDJdb
CASSFRGPPGTGELFF	TRB	TRBV6-4*01	TRBJ2-2*01	TFEYVSQPFLMDLE	MHCII	SARS-CoV-2	CD4	VDJdb
CASSRRSLANTGELFF	TRB	TRBV7-2*01	TRBJ2-2*01	TFEYVSQPFLMDLE	MHCII	SARS-CoV-2	CD4	VDJdb
CASSSRRGHGYTF	TRB	TRBV28*01	TRBJ1-2*01	TFEYVSQPFLMDLE	MHCII	SARS-CoV-2	CD4	VDJdb
CASSQGVGYTF	TRB	TRBV4-1*01	TRBJ1-2*01	TFEYVSQPFLMDLE	MHCII	SARS-CoV-2	CD4	VDJdb
CASSGRARSYEQYF	TRB	TRBV18*01	TRBJ2-7*01	TFEYVSQPFLMDLE	MHCII	SARS-CoV-2	CD4	VDJdb
CASSPSTGTLYGYTF	TRB	TRBV6-6*01	TRBJ1-2*01	TFEYVSQPFLMDLE	MHCII	SARS-CoV-2	CD4	VDJdb
CASSLTRGTASLYGYTF	TRB	TRBV27*01	TRBJ1-2*01	TFEYVSQPFLMDLE	MHCII	SARS-CoV-2	CD4	VDJdb
CASSFRGSNGYTF	TRB	TRBV27*01	TRBJ1-2*01	TFEYVSQPFLMDLE	MHCII	SARS-CoV-2	CD4	VDJdb
CASSFRGDYGYTF	TRB	TRBV27*01	TRBJ1-2*01	TFEYVSQPFLMDLE	MHCII	SARS-CoV-2	CD4	VDJdb
CASSRGRGGPNTGELFF	TRB	TRBV27*01	TRBJ2-2*01	TFEYVSQPFLMDLE	MHCII	SARS-CoV-2	CD4	VDJdb
CAGFNSGGSNYKLTF	TRA	TRAV35*01	TRAJ53*01	TFEYVSQPFLMDLE	MHCII	SARS-CoV-2	CD4	VDJdb
CASSSRGTGTHGYTF	TRB	TRBV14*01	TRBJ1-2*01	TFEYVSQPFLMDLE	MHCII	SARS-CoV-2	CD4	VDJdb
CASSLRGSGLEQYF	TRB	TRBV6-1*01	TRBJ2-7*01	TFEYVSQPFLMDLE	MHCII	SARS-CoV-2	CD4	VDJdb
CAGNQGGKLIF	TRA	TRAV27*01	TRAJ23*01	TFEYVSQPFLMDLE	MHCII	SARS-CoV-2	CD4	VDJdb
CASQRWTSGRGTDTQYF	TRB	TRBV2*01	TRBJ2-3*01	TFEYVSQPFLMDLE	MHCII	SARS-CoV-2	CD4	VDJdb
CASSVQRIPNTGELFF	TRB	TRBV9*01	TRBJ2-2*01	TFEYVSQPFLMDLE	MHCII	SARS-CoV-2	CD4	VDJdb
CASRPRGGSGAFF	TRB	TRBV6-6*01	TRBJ1-1*01	TFEYVSQPFLMDLE	MHCII	SARS-CoV-2	CD4	VDJdb
CAVWPLNSGGSNYKLTF	TRA	TRAV21*01	TRAJ53*01	TFEYVSQPFLMDLE	MHCII	SARS-CoV-2	CD4	VDJdb
CASSSRDRGTYEQYF	TRB	TRBV7-9*01	TRBJ2-7*01	TFEYVSQPFLMDLE	MHCII	SARS-CoV-2	CD4	VDJdb
CASNLRRAPNTGELFF	TRB	TRBV6-5*01	TRBJ2-2*01	TFEYVSQPFLMDLE	MHCII	SARS-CoV-2	CD4	VDJdb
CASSYRGTEAFF	TRB	TRBV6-2*01	TRBJ1-1*01	TFEYVSQPFLMDLE	MHCII	SARS-CoV-2	CD4	VDJdb
CASSPRTAPEGYTF	TRB	TRBV9*01	TRBJ1-2*01	TFEYVSQPFLMDLE	MHCII	SARS-CoV-2	CD4	VDJdb
CASSYEGIRTGELFF	TRB	TRBV6-5*01	TRBJ2-2*01	TFEYVSQPFLMDLE	MHCII	SARS-CoV-2	CD4	VDJdb
CASSPRGLAPGETQYF	TRB	TRBV9*01	TRBJ2-5*01	TFEYVSQPFLMDLE	MHCII	SARS-CoV-2	CD4	VDJdb
CASSVTGGNGYTF	TRB	TRBV9*01	TRBJ1-2*01	TFEYVSQPFLMDLE	MHCII	SARS-CoV-2	CD4	VDJdb
CASSYRGDPANYGYTF	TRB	TRBV6-6*01	TRBJ1-2*01	TFEYVSQPFLMDLE	MHCII	SARS-CoV-2	CD4	VDJdb
CASIYRTGGIYGYTF	TRB	TRBV28*01	TRBJ1-2*01	TFEYVSQPFLMDLE	MHCII	SARS-CoV-2	CD4	VDJdb
CASTTRAGSFEQYF	TRB	TRBV6-2*01	TRBJ2-7*01	TFEYVSQPFLMDLE	MHCII	SARS-CoV-2	CD4	VDJdb
CASSYSQGAFGYTF	TRB	TRBV6-2*01	TRBJ1-2*01	TFEYVSQPFLMDLE	MHCII	SARS-CoV-2	CD4	VDJdb
CASSSRSGSLYGYTF	TRB	TRBV10-2*01	TRBJ1-2*01	TFEYVSQPFLMDLE	MHCII	SARS-CoV-2	CD4	VDJdb
CASGPGSGLEAFF	TRB	TRBV12-5*01	TRBJ1-1*01	TFEYVSQPFLMDLE	MHCII	SARS-CoV-2	CD4	VDJdb
CASSLRGALGYTF	TRB	TRBV27*01	TRBJ1-2*01	TFEYVSQPFLMDLE	MHCII	SARS-CoV-2	CD4	VDJdb
CASRPRQGSYNEQFF	TRB	TRBV27*01	TRBJ2-1*01	TFEYVSQPFLMDLE	MHCII	SARS-CoV-2	CD4	VDJdb
CASNQGGLRAFF	TRB	TRBV6-1*01	TRBJ1-1*01	TFEYVSQPFLMDLE	MHCII	SARS-CoV-2	CD4	VDJdb
CASSRRSGVNTGELFF	TRB	TRBV6-5*01	TRBJ2-2*01	TFEYVSQPFLMDLE	MHCII	SARS-CoV-2	CD4	VDJdb
CASSTRTGALNGYTF	TRB	TRBV28*01	TRBJ1-2*01	TFEYVSQPFLMDLE	MHCII	SARS-CoV-2	CD4	VDJdb
CASSLTGGHGYTF	TRB	TRBV9*01	TRBJ1-2*01	TFEYVSQPFLMDLE	MHCII	SARS-CoV-2	CD4	VDJdb
CASSLRKGTLGYTF	TRB	TRBV27*01	TRBJ1-2*01	TFEYVSQPFLMDLE	MHCII	SARS-CoV-2	CD4	VDJdb
CADSNTGNQFYF	TRA	TRAV13-2*01	TRAJ49*01	TFEYVSQPFLMDLE	MHCII	SARS-CoV-2	CD4	VDJdb
CASSRWTSGGETNIQYF	TRB	TRBV2*01	TRBJ2-4*01	TFEYVSQPFLMDLE	MHCII	SARS-CoV-2	CD4	VDJdb
CAAANYGGSQGNLIF	TRA	TRAV35*01	TRAJ42*01	TFEYVSQPFLMDLE	MHCII	SARS-CoV-2	CD4	VDJdb
CASSTQGVVRGYTF	TRB	TRBV6-1*01	TRBJ1-2*01	TFEYVSQPFLMDLE	MHCII	SARS-CoV-2	CD4	VDJdb
CASSPARTANTGELFF	TRB	TRBV5-5*01	TRBJ2-2*01	TFEYVSQPFLMDLE	MHCII	SARS-CoV-2	CD4	VDJdb
CASSYSQGSLYGYTF	TRB	TRBV6-5*01	TRBJ1-2*01	TFEYVSQPFLMDLE	MHCII	SARS-CoV-2	CD4	VDJdb
CASSLKLFTGVNEQFF	TRB	TRBV14*01	TRBJ2-1*01	TFEYVSQPFLMDLE	MHCII	SARS-CoV-2	CD4	VDJdb
CASSSSRQTVYGYTF	TRB	TRBV7-9*01	TRBJ1-2*01	TFEYVSQPFLMDLE	MHCII	SARS-CoV-2	CD4	VDJdb
CASSPRGGEGYTF	TRB	TRBV6-6*01	TRBJ1-2*01	TFEYVSQPFLMDLE	MHCII	SARS-CoV-2	CD4	VDJdb
CASSPEYGVRGYTF	TRB	TRBV7-9*01	TRBJ1-2*01	TFEYVSQPFLMDLE	MHCII	SARS-CoV-2	CD4	VDJdb
CASNAGGFGYTF	TRB	TRBV6-1*01	TRBJ1-2*01	TFEYVSQPFLMDLE	MHCII	SARS-CoV-2	CD4	VDJdb
CAASRFRNQGGKLIF	TRA	TRAV29/DV5*01	TRAJ23*01	TFEYVSQPFLMDLE	MHCII	SARS-CoV-2	CD4	VDJdb
CSASPRGTQYF	TRB	TRBV20-1*01	TRBJ2-3*01	TFEYVSQPFLMDLE	MHCII	SARS-CoV-2	CD4	VDJdb
CAASVRYNQGGKLIF	TRA	TRAV29/DV5*01	TRAJ23*01	TFEYVSQPFLMDLE	MHCII	SARS-CoV-2	CD4	VDJdb
CSALGPRRDTQYF	TRB	TRBV20-1*01	TRBJ2-3*01	TFEYVSQPFLMDLE	MHCII	SARS-CoV-2	CD4	VDJdb
CASIGRPGALGGYTF	TRB	TRBV19*01	TRBJ1-2*01	TFEYVSQPFLMDLE	MHCII	SARS-CoV-2	CD4	VDJdb
CASSARQGALGGYTF	TRB	TRBV2*01	TRBJ1-2*01	TFEYVSQPFLMDLE	MHCII	SARS-CoV-2	CD4	VDJdb
CASSPRGDYYGYTF	TRB	TRBV19*01	TRBJ1-2*01	TFEYVSQPFLMDLE	MHCII	SARS-CoV-2	CD4	VDJdb
CAGTNYGGSQGNLIF	TRA	TRAV35*01	TRAJ42*01	TFEYVSQPFLMDLE	MHCII	SARS-CoV-2	CD4	VDJdb
CASSPNGRSPETQYF	TRB	TRBV9*01	TRBJ2-5*01	TFEYVSQPFLMDLE	MHCII	SARS-CoV-2	CD4	VDJdb
CAFMNYGGSQGNLIF	TRA	TRAV38-1*01	TRAJ42*01	TFEYVSQPFLMDLE	MHCII	SARS-CoV-2	CD4	VDJdb
CASSFTGGNGYTF	TRB	TRBV11-2*01	TRBJ1-2*01	TFEYVSQPFLMDLE	MHCII	SARS-CoV-2	CD4	VDJdb
CASSGGSFGYTF	TRB	TRBV25-1*01	TRBJ1-2*01	TFEYVSQPFLMDLE	MHCII	SARS-CoV-2	CD4	VDJdb
CASSLRGDTQYF	TRB	TRBV11-2*01	TRBJ2-3*01	TFEYVSQPFLMDLE	MHCII	SARS-CoV-2	CD4	VDJdb
CAALLYGGSQGNLIF	TRA	TRAV35*01	TRAJ42*01	TFEYVSQPFLMDLE	MHCII	SARS-CoV-2	CD4	VDJdb
CASSLRSGGFGYTF	TRB	TRBV28*01	TRBJ1-2*01	TFEYVSQPFLMDLE	MHCII	SARS-CoV-2	CD4	VDJdb
CASSRRGGIWSYEQYF	TRB	TRBV6-1*01	TRBJ2-7*01	TFEYVSQPFLMDLE	MHCII	SARS-CoV-2	CD4	VDJdb
CASSSTTGDLRGYTF	TRB	TRBV6-6*01	TRBJ1-2*01	TFEYVSQPFLMDLE	MHCII	SARS-CoV-2	CD4	VDJdb
CASSLRQRANTGELFF	TRB	TRBV11-2*01	TRBJ2-2*01	TFEYVSQPFLMDLE	MHCII	SARS-CoV-2	CD4	VDJdb
CASSYSRTSGGPNTGELFF	TRB	TRBV6-5*01	TRBJ2-2*01	TFEYVSQPFLMDLE	MHCII	SARS-CoV-2	CD4	VDJdb
CASSQTGGSLGYTF	TRB	TRBV6-1*01	TRBJ1-2*01	TFEYVSQPFLMDLE	MHCII	SARS-CoV-2	CD4	VDJdb
CASGSGSVAGPNTGELFF	TRB	TRBV6-5*01	TRBJ2-2*01	TFEYVSQPFLMDLE	MHCII	SARS-CoV-2	CD4	VDJdb
CASTLRGRANTGELFF	TRB	TRBV6-5*01	TRBJ2-2*01	TFEYVSQPFLMDLE	MHCII	SARS-CoV-2	CD4	VDJdb
CASSVRERAGANVLTF	TRB	TRBV9*01	TRBJ2-6*01	TFEYVSQPFLMDLE	MHCII	SARS-CoV-2	CD4	VDJdb
CASTRPLSDSLGEQYF	TRB	TRBV6-6*01	TRBJ2-7*01	TFEYVSQPFLMDLE	MHCII	SARS-CoV-2	CD4	VDJdb
CASRGTSGSLEQFF	TRB	TRBV6-4*01	TRBJ2-1*01	TFEYVSQPFLMDLE	MHCII	SARS-CoV-2	CD4	VDJdb
CASSPRGQGASGELFF	TRB	TRBV5-1*01	TRBJ2-2*01	TFEYVSQPFLMDLE	MHCII	SARS-CoV-2	CD4	VDJdb
CASSARGRDPGTQYF	TRB	TRBV9*01	TRBJ2-5*01	TFEYVSQPFLMDLE	MHCII	SARS-CoV-2	CD4	VDJdb
CASSYRGGGGYTF	TRB	TRBV6-1*01	TRBJ1-2*01	TFEYVSQPFLMDLE	MHCII	SARS-CoV-2	CD4	VDJdb
CATKPTELNTGELFF	TRB	TRBV11-3*01	TRBJ2-2*01	TFEYVSQPFLMDLE	MHCII	SARS-CoV-2	CD4	VDJdb
CASSQRRPGGDPYGYTF	TRB	TRBV14*01	TRBJ1-2*01	TFEYVSQPFLMDLE	MHCII	SARS-CoV-2	CD4	VDJdb
CASRPRQGSYNEQFF	TRB	TRBV6-5*01	TRBJ2-1*01	TFEYVSQPFLMDLE	MHCII	SARS-CoV-2	CD4	VDJdb
CASRGQAGILEAFF	TRB	TRBV25-1*01	TRBJ1-1*01	TFEYVSQPFLMDLE	MHCII	SARS-CoV-2	CD4	VDJdb
CASSFRTSGDGTDTQYF	TRB	TRBV7-2*01	TRBJ2-3*01	TFEYVSQPFLMDLE	MHCII	SARS-CoV-2	CD4	VDJdb
CASSLRGAGGYTF	TRB	TRBV27*01	TRBJ1-2*01	TFEYVSQPFLMDLE	MHCII	SARS-CoV-2	CD4	VDJdb
CASSPRQGSFGYTF	TRB	TRBV27*01	TRBJ1-2*01	TFEYVSQPFLMDLE	MHCII	SARS-CoV-2	CD4	VDJdb
CASSLRGGDGYTF	TRB	TRBV6-1*01	TRBJ1-2*01	TFEYVSQPFLMDLE	MHCII	SARS-CoV-2	CD4	VDJdb
CAWSSSFGYTF	TRB	TRBV30*01	TRBJ1-2*01	TFEYVSQPFLMDLE	MHCII	SARS-CoV-2	CD4	VDJdb
CASSGSGHLGYTF	TRB	TRBV6-1*01	TRBJ1-2*01	TFEYVSQPFLMDLE	MHCII	SARS-CoV-2	CD4	VDJdb
CASSVRGRSGNTIYF	TRB	TRBV9*01	TRBJ1-3*01	TFEYVSQPFLMDLE	MHCII	SARS-CoV-2	CD4	VDJdb
CASSYSRGSFGYTF	TRB	TRBV6-5*01	TRBJ1-2*01	TFEYVSQPFLMDLE	MHCII	SARS-CoV-2	CD4	VDJdb
CASSVRGAMGYTF	TRB	TRBV25-1*01	TRBJ1-2*01	TFEYVSQPFLMDLE	MHCII	SARS-CoV-2	CD4	VDJdb
CASSFRGPGNEQFF	TRB	TRBV5-5*01	TRBJ2-1*01	TFEYVSQPFLMDLE	MHCII	SARS-CoV-2	CD4	VDJdb
CASSADRGALYGYTF	TRB	TRBV14*01	TRBJ1-2*01	TFEYVSQPFLMDLE	MHCII	SARS-CoV-2	CD4	VDJdb
CASSLQGGNGYTF	TRB	TRBV5-5*01	TRBJ1-2*01	TFEYVSQPFLMDLE	MHCII	SARS-CoV-2	CD4	VDJdb
CASSSRGAFGYTF	TRB	TRBV11-2*01	TRBJ1-2*01	TFEYVSQPFLMDLE	MHCII	SARS-CoV-2	CD4	VDJdb
CASSSDRGQIYGYTF	TRB	TRBV7-9*01	TRBJ1-2*01	TFEYVSQPFLMDLE	MHCII	SARS-CoV-2	CD4	VDJdb
CASSNRGRIEQYF	TRB	TRBV6-5*01	TRBJ2-7*01	TFEYVSQPFLMDLE	MHCII	SARS-CoV-2	CD4	VDJdb
CASSYRGARTGELFF	TRB	TRBV6-5*01	TRBJ2-2*01	TFEYVSQPFLMDLE	MHCII	SARS-CoV-2	CD4	VDJdb
CASIIRQGAFEQYF	TRB	TRBV6-2*01	TRBJ2-7*01	TFEYVSQPFLMDLE	MHCII	SARS-CoV-2	CD4	VDJdb
CASSSRGGDGYTF	TRB	TRBV5-5*01	TRBJ1-2*01	TFEYVSQPFLMDLE	MHCII	SARS-CoV-2	CD4	VDJdb
CASSFGRGDGYTF	TRB	TRBV11-2*01	TRBJ1-2*01	TFEYVSQPFLMDLE	MHCII	SARS-CoV-2	CD4	VDJdb
CINTGTASKLTF	TRA	TRAV26-1*01	TRAJ44*01	TFEYVSQPFLMDLE	MHCII	SARS-CoV-2	CD4	VDJdb
CASKRWTSGVGTDTQYF	TRB	TRBV2*01	TRBJ2-3*01	TFEYVSQPFLMDLE	MHCII	SARS-CoV-2	CD4	VDJdb
CASTYPGTPYGYTF	TRB	TRBV19*01	TRBJ1-2*01	TFEYVSQPFLMDLE	MHCII	SARS-CoV-2	CD4	VDJdb
CASSTTGGNGYTF	TRB	TRBV11-2*01	TRBJ1-2*01	TFEYVSQPFLMDLE	MHCII	SARS-CoV-2	CD4	VDJdb
CAHPGGPGRRALTF	TRA	TRAV12-2*01	TRAJ5*01	TFEYVSQPFLMDLE	MHCII	SARS-CoV-2	CD4	VDJdb
CASSRWTSGERTDTQYF	TRB	TRBV2*01	TRBJ2-3*01	TFEYVSQPFLMDLE	MHCII	SARS-CoV-2	CD4	VDJdb
CAWSVRGAHGYTF	TRB	TRBV30*01	TRBJ1-2*01	TFEYVSQPFLMDLE	MHCII	SARS-CoV-2	CD4	VDJdb
CASSYRQGQPQHF	TRB	TRBV6-2*01	TRBJ1-5*01	TFEYVSQPFLMDLE	MHCII	SARS-CoV-2	CD4	VDJdb
CASRNRQQTLYGYTF	TRB	TRBV6-6*01	TRBJ1-2*01	TFEYVSQPFLMDLE	MHCII	SARS-CoV-2	CD4	VDJdb
CASSWRQGGSIRESYTF	TRB	TRBV5-5*01	TRBJ1-2*01	TFEYVSQPFLMDLE	MHCII	SARS-CoV-2	CD4	VDJdb
CASSLSSGWPYGYTF	TRB	TRBV5-5*01	TRBJ1-2*01	TFEYVSQPFLMDLE	MHCII	SARS-CoV-2	CD4	VDJdb
CASSDRGTGLNGYTF	TRB	TRBV6-4*01	TRBJ1-2*01	TFEYVSQPFLMDLE	MHCII	SARS-CoV-2	CD4	VDJdb
CASGPGGMTEAFF	TRB	TRBV5-5*01	TRBJ1-1*01	TFEYVSQPFLMDLE	MHCII	SARS-CoV-2	CD4	VDJdb
CAAMNYGGSQGNFIF	TRA	TRAV35*01	TRAJ42*01	TFEYVSQPFLMDLE	MHCII	SARS-CoV-2	CD4	VDJdb
FPRASGGSYIPTF	TRA	TRAV25*01	TRAJ6*01	TFEYVSQPFLMDLE	MHCII	SARS-CoV-2	CD4	VDJdb
FRAGKQGAQKLVF	TRA	TRAV40*01	TRAJ54*01	TFEYVSQPFLMDLE	MHCII	SARS-CoV-2	CD4	VDJdb
CAGQLQKAACNKLIF	TRA	TRAV35*01	TRAJ17*01	TFEYVSQPFLMDLE	MHCII	SARS-CoV-2	CD4	VDJdb
CAVPTNSGGSQYNLTF	TRA	TRAV19*01	TRAJ53*01	TFEYVSQPFLMDLE	MHCII	SARS-CoV-2	CD4	VDJdb
GLNCGGSQGNLTF	TRA	TRAV26-2*01	TRAJ42*01	TFEYVSQPFLMDLE	MHCII	SARS-CoV-2	CD4	VDJdb
CASTPRGLPEGYTF	TRB	TRBV3-1*01	TRBJ2-3*01	TFEYVSQPFLMDLE	MHCII	SARS-CoV-2	CD4	VDJdb
CAPNTGNHFYF	TRA	TRAV16*01	TRAJ49*01	TFEYVSQPFLMDLE	MHCII	SARS-CoV-2	CD4	VDJdb
CVTASGSPYGYTF	TRB	TRBV27*01	TRBJ1-2*01	TFEYVSQPFLMDLE	MHCII	SARS-CoV-2	CD4	VDJdb
IPDTGELFF	TRB	TRBV3-1*01	TRBJ2-2*01	TFEYVSQPFLMDLE	MHCII	SARS-CoV-2	CD4	VDJdb
