Block_N	CDR3	CDR3_length	Gene	Epitope	MHC_class	T_cell	Pathology	V	J	Source
1.0	AASWGSSNTGKLI	17	TRA	AALALLLLDRLNQLE	MHCII	CD4	SARS-CoV-2	TRAV13-1*01	TRAJ37*01	VDJdb
1.0	ALSEASGGSYIPT	17	TRA	AALALLLLDRLNQLE	MHCII	CD4	SARS-CoV-2	TRAV19*01	TRAJ6*01	VDJdb
2.0	AAEGGGGNKLT	15	TRA	HWFVTQRNFYEPQII	MHCII	CD4	SARS-CoV-2	TRAV13-1*01	TRAJ10*01	VDJdb
2.0	ALWNSGNTPLV	15	TRA	HWFVTQRNFYEPQII	MHCII	CD4	SARS-CoV-2	TRAV16*01	TRAJ29*01	VDJdb
2.0	ATDAGSNYKLT	15	TRA	HWFVTQRNFYEPQII	MHCII	CD4	SARS-CoV-2	TRAV17*01	TRAJ53*01	VDJdb
2.0	ATDRGSNYKLT	15	TRA	HWFVTQRNFYEPQII	MHCII	CD4	SARS-CoV-2	TRAV17*01	TRAJ53*01	VDJdb
2.0	AVSQGGSEKLV	15	TRA	HWFVTQRNFYEPQII	MHCII	CD4	SARS-CoV-2	TRAV8-4*01	TRAJ57*01	VDJdb
4.0	ALTDNTNAGKST	16	TRA	HWFVTQRNFYEPQII	MHCII	CD4	SARS-CoV-2	TRAV16*01	TRAJ27*01	VDJdb
4.0	ALTHLQGAQKLV	16	TRA	HWFVTQRNFYEPQII	MHCII	CD4	SARS-CoV-2	TRAV16*01	TRAJ54*01	VDJdb
3.0	AGPRSGGGADGLT	17	TRA	HWFVTQRNFYEPQII	MHCII	CD4	SARS-CoV-2	TRAV35*01	TRAJ45*01	VDJdb
3.0	ATADSGGSNYKLT	17	TRA	HWFVTQRNFYEPQII	MHCII	CD4	SARS-CoV-2	TRAV17*01	TRAJ53*01	VDJdb
3.0	AVSGVYSGNTPLV	17	TRA	HWFVTQRNFYEPQII	MHCII	CD4	SARS-CoV-2	TRAV8-4*01	TRAJ29*01	VDJdb
3.0	AYRSHNSGNTPLV	17	TRA	HWFVTQRNFYEPQII	MHCII	CD4	SARS-CoV-2	TRAV38-2/DV8*01	TRAJ29*01	VDJdb
3.0	LVGEESGGNTPLV	17	TRA	HWFVTQRNFYEPQII	MHCII	CD4	SARS-CoV-2	TRAV4*01	TRAJ29*01	VDJdb
5.0	IVRVTSDQTGANNLF	19	TRA	HWFVTQRNFYEPQII	MHCII	CD4	SARS-CoV-2	TRAV26-1*01	TRAJ36*01	VDJdb
5.0	LVGYSNYGGSQGNLI	19	TRA	HWFVTQRNFYEPQII	MHCII	CD4	SARS-CoV-2	TRAV4*01	TRAJ42*01	VDJdb
6.0	AGLNYGGSQGNLI	17	TRA	NCTFEYVSQPFLMDL	MHCII	CD4	SARS-CoV-2	TRAV35*01	TRAJ42*01	VDJdb
6.0	AGMNYGGSQGNLI	17	TRA	NCTFEYVSQPFLMDL	MHCII	CD4	SARS-CoV-2	TRAV35*01	TRAJ42*01	VDJdb
6.0	AGQLYKAAGNKLT	17	TRA	NCTFEYVSQPFLMDL	MHCII	CD4	SARS-CoV-2	TRAV35*01	TRAJ17*01	VDJdb
6.0	AGQNYGGSQGNLI	17	TRA	NCTFEYVSQPFLMDL	MHCII	CD4	SARS-CoV-2	TRAV35*01	TRAJ42*01	VDJdb
6.0	AGYNSGGSNYKLT	17	TRA	NCTFEYVSQPFLMDL	MHCII	CD4	SARS-CoV-2	TRAV35*01	TRAJ53*01	VDJdb
7.0	AVPSSGGSYIPT	16	TRA	NFSQILPDPSKPSKR	MHCII	CD4	SARS-CoV-2	TRAV21*01	TRAJ6*01	VDJdb
7.0	AVTGSSNTGKLI	16	TRA	NFSQILPDPSKPSKR	MHCII	CD4	SARS-CoV-2	TRAV1-1*01	TRAJ37*01	VDJdb
7.0	IAHMYDSNYQLI	16	TRA	NFSQILPDPSKPSKR	MHCII	CD4	SARS-CoV-2	TRAV26-1*01	TRAJ33*01	VDJdb
9.0	SSEGASNQPQH	15	TRB	NLLLQYGSFCTQLNRAL	MHCII	CD4	SARS-CoV-2	TRBV6-1*01	TRBJ1-5*01	VDJdb
9.0	SSEGVSNQPQH	15	TRB	NLLLQYGSFCTQLNRAL	MHCII	CD4	SARS-CoV-2	TRBV6-1*01	TRBJ1-5*01	VDJdb
8.0	TSAPDRGNNQPQH	17	TRB	NLLLQYGSFCTQLNRAL	MHCII	CD4	SARS-CoV-2	TRBV24-1*01	TRBJ1-5*01	VDJdb
8.0	TSDFRVGDNQPQH	17	TRB	NLLLQYGSFCTQLNRAL	MHCII	CD4	SARS-CoV-2	TRBV24-1*01	TRBJ1-5*01	VDJdb
8.0	TSDPDRGDNQPQH	17	TRB	NLLLQYGSFCTQLNRAL	MHCII	CD4	SARS-CoV-2	TRBV24-1*01	TRBJ1-5*01	VDJdb
8.0	TSDPGQGDHQPQH	17	TRB	NLLLQYGSFCTQLNRAL	MHCII	CD4	SARS-CoV-2	TRBV24-1*01	TRBJ1-5*01	VDJdb
8.0	TSDPGQGNNQPQH	17	TRB	NLLLQYGSFCTQLNRAL	MHCII	CD4	SARS-CoV-2	TRBV24-1*01	TRBJ1-5*01	VDJdb
8.0	TSDPRQGDNQPQH	17	TRB	NLLLQYGSFCTQLNRAL	MHCII	CD4	SARS-CoV-2	TRBV24-1*01	TRBJ1-5*01	VDJdb
8.0	TSDPRTGDNQPQH	17	TRB	NLLLQYGSFCTQLNRAL	MHCII	CD4	SARS-CoV-2	TRBV24-1*01	TRBJ1-5*01	VDJdb
8.0	TSDPRVGDNQPQH	17	TRB	NLLLQYGSFCTQLNRAL	MHCII	CD4	SARS-CoV-2	TRBV24-1*01	TRBJ1-5*01	VDJdb
8.0	TSDPSRGDNQPQH	17	TRB	NLLLQYGSFCTQLNRAL	MHCII	CD4	SARS-CoV-2	TRBV24-1*01	TRBJ1-5*01	VDJdb
8.0	TSDVSGGNYNEQF	17	TRB	NLLLQYGSFCTQLNRAL	MHCII	CD4	SARS-CoV-2	TRBV24-1*01	TRBJ2-1*01	VDJdb
10.0	AGVVSGTYKYI	15	TRA	NNSYECDIPIGAGIC	MHCII	CD4	SARS-CoV-2	TRAV27*01	TRAJ40*01	VDJdb
10.0	ALWNSGNTPLV	15	TRA	NNSYECDIPIGAGIC	MHCII	CD4	SARS-CoV-2	TRAV16*01	TRAJ29*01	VDJdb
11.0	AAALNTNAGKST	16	TRA	NNSYECDIPIGAGIC	MHCII	CD4	SARS-CoV-2	TRAV13-1*01	TRAJ27*01	VDJdb
11.0	ALSGRNYGQNFV	16	TRA	NNSYECDIPIGAGIC	MHCII	CD4	SARS-CoV-2	TRAV16*01	TRAJ26*01	VDJdb
12.0	AVNQGGSEKLV	15	TRA	RISNCVADYSVLYNS	MHCII	CD4	SARS-CoV-2	TRAV12-2*01	TRAJ57*01	VDJdb
12.0	AVSQGGSEKLV	15	TRA	RISNCVADYSVLYNS	MHCII	CD4	SARS-CoV-2	TRAV8-4*01	TRAJ57*01	VDJdb
13.0	AATLFSGTYKYI	16	TRA	RISNCVADYSVLYNS	MHCII	CD4	SARS-CoV-2	TRAV13-1*01	TRAJ40*01	VDJdb
13.0	AMKEASGTYKYI	16	TRA	RISNCVADYSVLYNS	MHCII	CD4	SARS-CoV-2	TRAV12-3*01	TRAJ40*01	VDJdb
14.0	ILRDVSGGGSNYKLT	19	TRA	RISNCVADYSVLYNS	MHCII	CD4	SARS-CoV-2	TRAV26-2*01	TRAJ53*01	VDJdb
14.0	ILRSSSGGGSNYKLT	19	TRA	RISNCVADYSVLYNS	MHCII	CD4	SARS-CoV-2	TRAV26-2*01	TRAJ53*01	VDJdb
16.0	AGNQGGKLI	13	TRA	TFEYVSQPFLMDLE	MHCII	CD4	SARS-CoV-2	TRAV27*01	TRAJ23*01	VDJdb
16.0	APNTGNHFY	13	TRA	TFEYVSQPFLMDLE	MHCII	CD4	SARS-CoV-2	TRAV16*01	TRAJ49*01	VDJdb
16.0	AVGYGNKLV	13	TRA	TFEYVSQPFLMDLE	MHCII	CD4	SARS-CoV-2	TRAV41*01	TRAJ47*01	VDJdb
16.0	AVNWGDKLI	13	TRA	TFEYVSQPFLMDLE	MHCII	CD4	SARS-CoV-2	TRAV12-2*01	TRAJ34*01	VDJdb
16.0	GTEINNDMR	13	TRA	TFEYVSQPFLMDLE	MHCII	CD4	SARS-CoV-2	TRAV30*01	TRAJ43*01	VDJdb
18.0	AARYDGQNFV	14	TRA	TFEYVSQPFLMDLE	MHCII	CD4	SARS-CoV-2	TRAV3*01	TRAJ26*01	VDJdb
18.0	ADSNTGNQFY	14	TRA	TFEYVSQPFLMDLE	MHCII	CD4	SARS-CoV-2	TRAV13-2*01	TRAJ49*01	VDJdb
18.0	ALRAGTYKYI	14	TRA	TFEYVSQPFLMDLE	MHCII	CD4	SARS-CoV-2	TRAV18*01	TRAJ40*01	VDJdb
18.0	INTGTASKLT	14	TRA	TFEYVSQPFLMDLE	MHCII	CD4	SARS-CoV-2	TRAV26-1*01	TRAJ44*01	VDJdb
20.0	ATSTSGTYKYI	15	TRA	TFEYVSQPFLMDLE	MHCII	CD4	SARS-CoV-2	TRAV14/DV4*01	TRAJ40*01	VDJdb
20.0	AVRRPGTQKLV	15	TRA	TFEYVSQPFLMDLE	MHCII	CD4	SARS-CoV-2	TRAV20*01	TRAJ54*01	VDJdb
20.0	GTEISNRNQFY	15	TRA	TFEYVSQPFLMDLE	MHCII	CD4	SARS-CoV-2	TRAV30*01	TRAJ49*01	VDJdb
19.0	AHPGGPGRRALT	16	TRA	TFEYVSQPFLMDLE	MHCII	CD4	SARS-CoV-2	TRAV12-2*01	TRAJ5*01	VDJdb
19.0	APPPDNYGQNFV	16	TRA	TFEYVSQPFLMDLE	MHCII	CD4	SARS-CoV-2	TRAV9-2*01	TRAJ26*01	VDJdb
19.0	AVSPGNAGNMLT	16	TRA	TFEYVSQPFLMDLE	MHCII	CD4	SARS-CoV-2	TRAV8-4*01	TRAJ39*01	VDJdb
19.0	IVRVWYNTDKLI	16	TRA	TFEYVSQPFLMDLE	MHCII	CD4	SARS-CoV-2	TRAV26-1*01	TRAJ34*01	VDJdb
15.0	AAANYGGSQGNLI	17	TRA	TFEYVSQPFLMDLE	MHCII	CD4	SARS-CoV-2	TRAV35*01	TRAJ42*01	VDJdb
15.0	AAHNSGGSNYKLT	17	TRA	TFEYVSQPFLMDLE	MHCII	CD4	SARS-CoV-2	TRAV35*01	TRAJ53*01	VDJdb
15.0	AAKNYGGSQGNLI	17	TRA	TFEYVSQPFLMDLE	MHCII	CD4	SARS-CoV-2	TRAV35*01	TRAJ42*01	VDJdb
15.0	AALLYGGSQGNLI	17	TRA	TFEYVSQPFLMDLE	MHCII	CD4	SARS-CoV-2	TRAV35*01	TRAJ42*01	VDJdb
15.0	AALNSGGSNYKLT	17	TRA	TFEYVSQPFLMDLE	MHCII	CD4	SARS-CoV-2	TRAV35*01	TRAJ53*01	VDJdb
15.0	AALNYGGSQGNLI	17	TRA	TFEYVSQPFLMDLE	MHCII	CD4	SARS-CoV-2	TRAV35*01	TRAJ42*01	VDJdb
15.0	AAMNYGGSQGNFI	17	TRA	TFEYVSQPFLMDLE	MHCII	CD4	SARS-CoV-2	TRAV35*01	TRAJ42*01	VDJdb
15.0	AAMNYGGSQGNLI	17	TRA	TFEYVSQPFLMDLE	MHCII	CD4	SARS-CoV-2	TRAV35*01	TRAJ42*01	VDJdb
15.0	AAQNYGGSQGNLI	17	TRA	TFEYVSQPFLMDLE	MHCII	CD4	SARS-CoV-2	TRAV35*01	TRAJ42*01	VDJdb
15.0	AARNYGGSQGNLI	17	TRA	TFEYVSQPFLMDLE	MHCII	CD4	SARS-CoV-2	TRAV35*01	TRAJ42*01	VDJdb
15.0	AASRFRNQGGKLI	17	TRA	TFEYVSQPFLMDLE	MHCII	CD4	SARS-CoV-2	TRAV29/DV5*01	TRAJ23*01	VDJdb
15.0	AASVRYNQGGKLI	17	TRA	TFEYVSQPFLMDLE	MHCII	CD4	SARS-CoV-2	TRAV29/DV5*01	TRAJ23*01	VDJdb
15.0	ACLNYGGSQGNLI	17	TRA	TFEYVSQPFLMDLE	MHCII	CD4	SARS-CoV-2	TRAV35*01	TRAJ42*01	VDJdb
15.0	AFMNYGGSQGNLI	17	TRA	TFEYVSQPFLMDLE	MHCII	CD4	SARS-CoV-2	TRAV38-1*01	TRAJ42*01	VDJdb
15.0	AGANYGGSQGNLI	17	TRA	TFEYVSQPFLMDLE	MHCII	CD4	SARS-CoV-2	TRAV35*01	TRAJ42*01	VDJdb
15.0	AGCLYGGSQGNLI	17	TRA	TFEYVSQPFLMDLE	MHCII	CD4	SARS-CoV-2	TRAV35*01	TRAJ42*01	VDJdb
15.0	AGFLYTGANSKLT	17	TRA	TFEYVSQPFLMDLE	MHCII	CD4	SARS-CoV-2	TRAV35*01	TRAJ56*01	VDJdb
15.0	AGFNSGGSNYKLT	17	TRA	TFEYVSQPFLMDLE	MHCII	CD4	SARS-CoV-2	TRAV35*01	TRAJ53*01	VDJdb
15.0	AGFNYGGSQGNLI	17	TRA	TFEYVSQPFLMDLE	MHCII	CD4	SARS-CoV-2	TRAV35*01	TRAJ42*01	VDJdb
15.0	AGHLFKAAGNKLT	17	TRA	TFEYVSQPFLMDLE	MHCII	CD4	SARS-CoV-2	TRAV35*01	TRAJ17*01	VDJdb
15.0	AGHNSGGSNYKLT	17	TRA	TFEYVSQPFLMDLE	MHCII	CD4	SARS-CoV-2	TRAV35*01	TRAJ53*01	VDJdb
15.0	AGHNYGGSQGNLI	17	TRA	TFEYVSQPFLMDLE	MHCII	CD4	SARS-CoV-2	TRAV35*01	TRAJ42*01	VDJdb
15.0	AGKNYGGSQGNLI	17	TRA	TFEYVSQPFLMDLE	MHCII	CD4	SARS-CoV-2	TRAV35*01	TRAJ42*01	VDJdb
15.0	AGLLFGGSQGNLI	17	TRA	TFEYVSQPFLMDLE	MHCII	CD4	SARS-CoV-2	TRAV35*01	TRAJ42*01	VDJdb
15.0	AGLLFKAAGNKLT	17	TRA	TFEYVSQPFLMDLE	MHCII	CD4	SARS-CoV-2	TRAV35*01	TRAJ17*01	VDJdb
15.0	AGLLYGGSQGNLI	17	TRA	TFEYVSQPFLMDLE	MHCII	CD4	SARS-CoV-2	TRAV35*01	TRAJ42*01	VDJdb
15.0	AGLLYKAAGNKLT	17	TRA	TFEYVSQPFLMDLE	MHCII	CD4	SARS-CoV-2	TRAV35*01	TRAJ17*01	VDJdb
15.0	AGLNSGGSNYKLT	17	TRA	TFEYVSQPFLMDLE	MHCII	CD4	SARS-CoV-2	TRAV35*01	TRAJ53*01	VDJdb
15.0	AGLNYGGATNKLI	17	TRA	TFEYVSQPFLMDLE	MHCII	CD4	SARS-CoV-2	TRAV35*01	TRAJ32*01	VDJdb
15.0	AGLNYGGSQGNLI	17	TRA	TFEYVSQPFLMDLE	MHCII	CD4	SARS-CoV-2	TRAV35*01	TRAJ42*01	VDJdb
15.0	AGMNYGGATNKLI	17	TRA	TFEYVSQPFLMDLE	MHCII	CD4	SARS-CoV-2	TRAV35*01	TRAJ32*01	VDJdb
15.0	AGMNYGGSQGNLI	17	TRA	TFEYVSQPFLMDLE	MHCII	CD4	SARS-CoV-2	TRAV35*01	TRAJ42*01	VDJdb
15.0	AGMNYGGSQGNLI	17	TRA	TFEYVSQPFLMDLE	MHCII	CD4	SARS-CoV-2	TRAV16*01	TRAJ42*01	VDJdb
15.0	AGQLAGGSNYQLI	17	TRA	TFEYVSQPFLMDLE	MHCII	CD4	SARS-CoV-2	TRAV35*01	TRAJ33*01	VDJdb
15.0	AGQLATGTASKLT	17	TRA	TFEYVSQPFLMDLE	MHCII	CD4	SARS-CoV-2	TRAV35*01	TRAJ44*01	VDJdb
15.0	AGQLFGGSQGNLI	17	TRA	TFEYVSQPFLMDLE	MHCII	CD4	SARS-CoV-2	TRAV35*01	TRAJ42*01	VDJdb
15.0	AGQLFKAAGNKLT	17	TRA	TFEYVSQPFLMDLE	MHCII	CD4	SARS-CoV-2	TRAV35*01	TRAJ17*01	VDJdb
15.0	AGQLHKAAGNKLT	17	TRA	TFEYVSQPFLMDLE	MHCII	CD4	SARS-CoV-2	TRAV35*01	TRAJ17*01	VDJdb
15.0	AGQLHRAAGNKLT	17	TRA	TFEYVSQPFLMDLE	MHCII	CD4	SARS-CoV-2	TRAV35*01	TRAJ17*01	VDJdb
15.0	AGQLQKAACNKLI	17	TRA	TFEYVSQPFLMDLE	MHCII	CD4	SARS-CoV-2	TRAV35*01	TRAJ17*01	VDJdb
15.0	AGQLQKAAGNKLT	17	TRA	TFEYVSQPFLMDLE	MHCII	CD4	SARS-CoV-2	TRAV35*01	TRAJ17*01	VDJdb
15.0	AGQLSGGSNYKLT	17	TRA	TFEYVSQPFLMDLE	MHCII	CD4	SARS-CoV-2	TRAV35*01	TRAJ53*01	VDJdb
15.0	AGQLYGGSQGNLI	17	TRA	TFEYVSQPFLMDLE	MHCII	CD4	SARS-CoV-2	TRAV35*01	TRAJ42*01	VDJdb
15.0	AGQLYKAAGNKLT	17	TRA	TFEYVSQPFLMDLE	MHCII	CD4	SARS-CoV-2	TRAV35*01	TRAJ17*01	VDJdb
15.0	AGQLYTGTASKLT	17	TRA	TFEYVSQPFLMDLE	MHCII	CD4	SARS-CoV-2	TRAV35*01	TRAJ44*01	VDJdb
15.0	AGQNSGGSNYKLT	17	TRA	TFEYVSQPFLMDLE	MHCII	CD4	SARS-CoV-2	TRAV35*01	TRAJ53*01	VDJdb
15.0	AGQNYGGRQGNLI	17	TRA	TFEYVSQPFLMDLE	MHCII	CD4	SARS-CoV-2	TRAV35*01	TRAJ42*01	VDJdb
15.0	AGQNYGGSQGNLI	17	TRA	TFEYVSQPFLMDLE	MHCII	CD4	SARS-CoV-2	TRAV35*01	TRAJ42*01	VDJdb
15.0	AGRNSGGSNYKLT	17	TRA	TFEYVSQPFLMDLE	MHCII	CD4	SARS-CoV-2	TRAV35*01	TRAJ53*01	VDJdb
15.0	AGRNYGGSQGNLI	17	TRA	TFEYVSQPFLMDLE	MHCII	CD4	SARS-CoV-2	TRAV35*01	TRAJ42*01	VDJdb
15.0	AGSLHKAAGNKLT	17	TRA	TFEYVSQPFLMDLE	MHCII	CD4	SARS-CoV-2	TRAV35*01	TRAJ17*01	VDJdb
15.0	AGSNYGGSQGNLI	17	TRA	TFEYVSQPFLMDLE	MHCII	CD4	SARS-CoV-2	TRAV35*01	TRAJ42*01	VDJdb
15.0	AGTNYGGATNKLI	17	TRA	TFEYVSQPFLMDLE	MHCII	CD4	SARS-CoV-2	TRAV35*01	TRAJ32*01	VDJdb
15.0	AGTNYGGSQGNLI	17	TRA	TFEYVSQPFLMDLE	MHCII	CD4	SARS-CoV-2	TRAV35*01	TRAJ42*01	VDJdb
15.0	ALLNYGGSQGNLI	17	TRA	TFEYVSQPFLMDLE	MHCII	CD4	SARS-CoV-2	TRAV35*01	TRAJ42*01	VDJdb
15.0	APENYGGSQGNLI	17	TRA	TFEYVSQPFLMDLE	MHCII	CD4	SARS-CoV-2	TRAV35*01	TRAJ42*01	VDJdb
15.0	APMNYGGSQGNLI	17	TRA	TFEYVSQPFLMDLE	MHCII	CD4	SARS-CoV-2	TRAV35*01	TRAJ42*01	VDJdb
15.0	ARMNYGGSQGNLI	17	TRA	TFEYVSQPFLMDLE	MHCII	CD4	SARS-CoV-2	TRAV35*01	TRAJ42*01	VDJdb
15.0	ASLNYGGSQGNLI	17	TRA	TFEYVSQPFLMDLE	MHCII	CD4	SARS-CoV-2	TRAV35*01	TRAJ42*01	VDJdb
15.0	ASMNYGGSQGNLI	17	TRA	TFEYVSQPFLMDLE	MHCII	CD4	SARS-CoV-2	TRAV35*01	TRAJ42*01	VDJdb
15.0	ASQNYGGSQGNLI	17	TRA	TFEYVSQPFLMDLE	MHCII	CD4	SARS-CoV-2	TRAV35*01	TRAJ42*01	VDJdb
15.0	ATLNYGGSQGNLI	17	TRA	TFEYVSQPFLMDLE	MHCII	CD4	SARS-CoV-2	TRAV35*01	TRAJ42*01	VDJdb
15.0	ATMNYGGSQGNLI	17	TRA	TFEYVSQPFLMDLE	MHCII	CD4	SARS-CoV-2	TRAV35*01	TRAJ42*01	VDJdb
15.0	AVANYGGSQGNLI	17	TRA	TFEYVSQPFLMDLE	MHCII	CD4	SARS-CoV-2	TRAV35*01	TRAJ42*01	VDJdb
15.0	AVLNYGGSQGNLI	17	TRA	TFEYVSQPFLMDLE	MHCII	CD4	SARS-CoV-2	TRAV35*01	TRAJ42*01	VDJdb
15.0	AVMNYGGSQGNLI	17	TRA	TFEYVSQPFLMDLE	MHCII	CD4	SARS-CoV-2	TRAV35*01	TRAJ42*01	VDJdb
15.0	AVQNYGGSQGNLI	17	TRA	TFEYVSQPFLMDLE	MHCII	CD4	SARS-CoV-2	TRAV20*01	TRAJ42*01	VDJdb
15.0	AVSNYGGSQGNLI	17	TRA	TFEYVSQPFLMDLE	MHCII	CD4	SARS-CoV-2	TRAV8-4*01	TRAJ42*01	VDJdb
15.0	AYLNYGGSQGNLI	17	TRA	TFEYVSQPFLMDLE	MHCII	CD4	SARS-CoV-2	TRAV35*01	TRAJ42*01	VDJdb
15.0	VGMNYGGSQGNLI	17	TRA	TFEYVSQPFLMDLE	MHCII	CD4	SARS-CoV-2	TRAV10*01	TRAJ42*01	VDJdb
15.0	VVSDRAGGSYIPT	17	TRA	TFEYVSQPFLMDLE	MHCII	CD4	SARS-CoV-2	TRAV8-2*01	TRAJ6*01	VDJdb
15.0	VVSDRWEYGNKLV	17	TRA	TFEYVSQPFLMDLE	MHCII	CD4	SARS-CoV-2	TRAV8-2*01	TRAJ47*01	VDJdb
17.0	AGHLYSGAGSYQLT	18	TRA	TFEYVSQPFLMDLE	MHCII	CD4	SARS-CoV-2	TRAV35*01	TRAJ28*01	VDJdb
17.0	ALPMNSGGSNYKLT	18	TRA	TFEYVSQPFLMDLE	MHCII	CD4	SARS-CoV-2	TRAV19*01	TRAJ53*01	VDJdb
17.0	AVPTNSGGSQYNLT	18	TRA	TFEYVSQPFLMDLE	MHCII	CD4	SARS-CoV-2	TRAV19*01	TRAJ53*01	VDJdb
17.0	AVQLSPSGANSKLT	18	TRA	TFEYVSQPFLMDLE	MHCII	CD4	SARS-CoV-2	TRAV20*01	TRAJ56*01	VDJdb
17.0	AVSLISSGSARQLT	18	TRA	TFEYVSQPFLMDLE	MHCII	CD4	SARS-CoV-2	TRAV8-6*01	TRAJ22*01	VDJdb
21.0	AVVGNAGGTSYGKLT	19	TRA	TFEYVSQPFLMDLE	MHCII	CD4	SARS-CoV-2	TRAV36/DV7*01	TRAJ52*01	VDJdb
21.0	AVWPLNSGGSNYKLT	19	TRA	TFEYVSQPFLMDLE	MHCII	CD4	SARS-CoV-2	TRAV21*01	TRAJ53*01	VDJdb
26.0	ARTGIGYT	12	TRB	TFEYVSQPFLMDLE	MHCII	CD4	SARS-CoV-2	TRBV20-1*01	TRBJ1-2*01	VDJdb
26.0	ASPRGTQY	12	TRB	TFEYVSQPFLMDLE	MHCII	CD4	SARS-CoV-2	TRBV20-1*01	TRBJ2-3*01	VDJdb
26.0	IGGTIGYT	12	TRB	TFEYVSQPFLMDLE	MHCII	CD4	SARS-CoV-2	TRBV6-1*01	TRBJ1-2*01	VDJdb
26.0	IPQGYGYT	12	TRB	TFEYVSQPFLMDLE	MHCII	CD4	SARS-CoV-2	TRBV10-3*01	TRBJ1-2*01	VDJdb
26.0	ISEGVGYT	12	TRB	TFEYVSQPFLMDLE	MHCII	CD4	SARS-CoV-2	TRBV10-3*01	TRBJ1-2*01	VDJdb
26.0	ISESFGYT	12	TRB	TFEYVSQPFLMDLE	MHCII	CD4	SARS-CoV-2	TRBV10-3*01	TRBJ1-2*01	VDJdb
26.0	SAAGIEAF	12	TRB	TFEYVSQPFLMDLE	MHCII	CD4	SARS-CoV-2	TRBV6-1*01	TRBJ1-1*01	VDJdb
26.0	SATPFGYT	12	TRB	TFEYVSQPFLMDLE	MHCII	CD4	SARS-CoV-2	TRBV11-2*01	TRBJ1-2*01	VDJdb
26.0	SGGAWGYT	12	TRB	TFEYVSQPFLMDLE	MHCII	CD4	SARS-CoV-2	TRBV6-1*01	TRBJ1-2*01	VDJdb
26.0	SGSSLGQY	12	TRB	TFEYVSQPFLMDLE	MHCII	CD4	SARS-CoV-2	TRBV6-1*01	TRBJ2-7*01	VDJdb
26.0	SRDHNTQY	12	TRB	TFEYVSQPFLMDLE	MHCII	CD4	SARS-CoV-2	TRBV6-4*01	TRBJ2-3*01	VDJdb
26.0	SSAGVGYT	12	TRB	TFEYVSQPFLMDLE	MHCII	CD4	SARS-CoV-2	TRBV4-1*01	TRBJ1-2*01	VDJdb
26.0	SSASVGYT	12	TRB	TFEYVSQPFLMDLE	MHCII	CD4	SARS-CoV-2	TRBV6-1*01	TRBJ1-2*01	VDJdb
26.0	SSATFGYT	12	TRB	TFEYVSQPFLMDLE	MHCII	CD4	SARS-CoV-2	TRBV25-1*01	TRBJ1-2*01	VDJdb
26.0	SSDSFGYT	12	TRB	TFEYVSQPFLMDLE	MHCII	CD4	SARS-CoV-2	TRBV6-1*01	TRBJ1-2*01	VDJdb
26.0	SSDSFKAF	12	TRB	TFEYVSQPFLMDLE	MHCII	CD4	SARS-CoV-2	TRBV6-1*01	TRBJ1-1*01	VDJdb
26.0	SSFGIGYT	12	TRB	TFEYVSQPFLMDLE	MHCII	CD4	SARS-CoV-2	TRBV4-1*01	TRBJ1-2*01	VDJdb
26.0	SSGTFGYT	12	TRB	TFEYVSQPFLMDLE	MHCII	CD4	SARS-CoV-2	TRBV6-2*01	TRBJ1-2*01	VDJdb
26.0	SSGTLGQF	12	TRB	TFEYVSQPFLMDLE	MHCII	CD4	SARS-CoV-2	TRBV7-9*01	TRBJ2-1*01	VDJdb
26.0	SSHGVGYT	12	TRB	TFEYVSQPFLMDLE	MHCII	CD4	SARS-CoV-2	TRBV4-1*01	TRBJ1-2*01	VDJdb
26.0	SSISFGYT	12	TRB	TFEYVSQPFLMDLE	MHCII	CD4	SARS-CoV-2	TRBV19*01	TRBJ1-2*01	VDJdb
26.0	SSPDIEAF	12	TRB	TFEYVSQPFLMDLE	MHCII	CD4	SARS-CoV-2	TRBV7-9*01	TRBJ1-1*01	VDJdb
26.0	SSQGVGYT	12	TRB	TFEYVSQPFLMDLE	MHCII	CD4	SARS-CoV-2	TRBV4-1*01	TRBJ1-2*01	VDJdb
26.0	SSQSFGYT	12	TRB	TFEYVSQPFLMDLE	MHCII	CD4	SARS-CoV-2	TRBV6-2*01	TRBJ1-2*01	VDJdb
26.0	SSRSLEAF	12	TRB	TFEYVSQPFLMDLE	MHCII	CD4	SARS-CoV-2	TRBV6-2*01	TRBJ1-1*01	VDJdb
26.0	WAKSFGYT	12	TRB	TFEYVSQPFLMDLE	MHCII	CD4	SARS-CoV-2	TRBV30*01	TRBJ1-2*01	VDJdb
26.0	WSSSFGYT	12	TRB	TFEYVSQPFLMDLE	MHCII	CD4	SARS-CoV-2	TRBV30*01	TRBJ1-2*01	VDJdb
27.0	GEAGGLGQY	13	TRB	TFEYVSQPFLMDLE	MHCII	CD4	SARS-CoV-2	TRBV6-1*01	TRBJ2-3*01	VDJdb
27.0	SHSGTSKAF	13	TRB	TFEYVSQPFLMDLE	MHCII	CD4	SARS-CoV-2	TRBV6-2*01	TRBJ1-1*01	VDJdb
27.0	SHSGVDTQY	13	TRB	TFEYVSQPFLMDLE	MHCII	CD4	SARS-CoV-2	TRBV6-4*01	TRBJ2-3*01	VDJdb
27.0	SKDRGLANT	13	TRB	TFEYVSQPFLMDLE	MHCII	CD4	SARS-CoV-2	TRBV6-1*01	TRBJ1-2*01	VDJdb
27.0	SNAGGFGYT	13	TRB	TFEYVSQPFLMDLE	MHCII	CD4	SARS-CoV-2	TRBV6-1*01	TRBJ1-2*01	VDJdb
27.0	SNQGGLRAF	13	TRB	TFEYVSQPFLMDLE	MHCII	CD4	SARS-CoV-2	TRBV6-1*01	TRBJ1-1*01	VDJdb
27.0	SRPRDQRYT	13	TRB	TFEYVSQPFLMDLE	MHCII	CD4	SARS-CoV-2	TRBV6-5*01	TRBJ1-2*01	VDJdb
27.0	SSARGSGYT	13	TRB	TFEYVSQPFLMDLE	MHCII	CD4	SARS-CoV-2	TRBV25-1*01	TRBJ1-2*01	VDJdb
27.0	SSDRGLGYT	13	TRB	TFEYVSQPFLMDLE	MHCII	CD4	SARS-CoV-2	TRBV6-1*01	TRBJ1-2*01	VDJdb
27.0	SSGGSFGYT	13	TRB	TFEYVSQPFLMDLE	MHCII	CD4	SARS-CoV-2	TRBV25-1*01	TRBJ1-2*01	VDJdb
27.0	SSLRGDTQY	13	TRB	TFEYVSQPFLMDLE	MHCII	CD4	SARS-CoV-2	TRBV11-2*01	TRBJ2-3*01	VDJdb
27.0	SSNRGLGYT	13	TRB	TFEYVSQPFLMDLE	MHCII	CD4	SARS-CoV-2	TRBV6-4*01	TRBJ1-2*01	VDJdb
27.0	SSPRGTEAF	13	TRB	TFEYVSQPFLMDLE	MHCII	CD4	SARS-CoV-2	TRBV18*01	TRBJ1-1*01	VDJdb
27.0	SSPRGTEAF	13	TRB	TFEYVSQPFLMDLE	MHCII	CD4	SARS-CoV-2	TRBV6-1*01	TRBJ1-1*01	VDJdb
27.0	SSPRGTEAF	13	TRB	TFEYVSQPFLMDLE	MHCII	CD4	SARS-CoV-2	TRBV19*01	TRBJ1-1*01	VDJdb
27.0	SSQGGLGYT	13	TRB	TFEYVSQPFLMDLE	MHCII	CD4	SARS-CoV-2	TRBV4-1*01	TRBJ1-2*01	VDJdb
27.0	SSSGGLGYT	13	TRB	TFEYVSQPFLMDLE	MHCII	CD4	SARS-CoV-2	TRBV5-5*01	TRBJ1-2*01	VDJdb
27.0	SSVGGLGYT	13	TRB	TFEYVSQPFLMDLE	MHCII	CD4	SARS-CoV-2	TRBV6-1*01	TRBJ1-2*01	VDJdb
27.0	SSYGGDTQY	13	TRB	TFEYVSQPFLMDLE	MHCII	CD4	SARS-CoV-2	TRBV6-2*01	TRBJ2-3*01	VDJdb
27.0	SSYRGTEAF	13	TRB	TFEYVSQPFLMDLE	MHCII	CD4	SARS-CoV-2	TRBV6-2*01	TRBJ1-1*01	VDJdb
27.0	STRGGLGYT	13	TRB	TFEYVSQPFLMDLE	MHCII	CD4	SARS-CoV-2	TRBV5-6*01	TRBJ1-2*01	VDJdb
27.0	TPTGAFGYT	13	TRB	TFEYVSQPFLMDLE	MHCII	CD4	SARS-CoV-2	TRBV7-9*01	TRBJ1-2*01	VDJdb
27.0	WSPRGTEAF	13	TRB	TFEYVSQPFLMDLE	MHCII	CD4	SARS-CoV-2	TRBV30*01	TRBJ1-1*01	VDJdb
27.0	WSRRGLGYT	13	TRB	TFEYVSQPFLMDLE	MHCII	CD4	SARS-CoV-2	TRBV30*01	TRBJ1-2*01	VDJdb
23.0	ALGPRRDTQY	14	TRB	TFEYVSQPFLMDLE	MHCII	CD4	SARS-CoV-2	TRBV20-1*01	TRBJ2-3*01	VDJdb
23.0	ARGLAGDTQY	14	TRB	TFEYVSQPFLMDLE	MHCII	CD4	SARS-CoV-2	TRBV20-1*01	TRBJ2-3*01	VDJdb
23.0	GRGRGPETQY	14	TRB	TFEYVSQPFLMDLE	MHCII	CD4	SARS-CoV-2	TRBV29-1*01	TRBJ2-5*01	VDJdb
23.0	NKRDSLRGYT	14	TRB	TFEYVSQPFLMDLE	MHCII	CD4	SARS-CoV-2	TRBV6-1*01	TRBJ1-2*01	VDJdb
23.0	SGLKGTGELF	14	TRB	TFEYVSQPFLMDLE	MHCII	CD4	SARS-CoV-2	TRBV12-5*01	TRBJ2-2*01	VDJdb
23.0	SGPGGMTEAF	14	TRB	TFEYVSQPFLMDLE	MHCII	CD4	SARS-CoV-2	TRBV5-5*01	TRBJ1-1*01	VDJdb
23.0	SGPGSGLEAF	14	TRB	TFEYVSQPFLMDLE	MHCII	CD4	SARS-CoV-2	TRBV12-5*01	TRBJ1-1*01	VDJdb
23.0	SNPRGGDGYT	14	TRB	TFEYVSQPFLMDLE	MHCII	CD4	SARS-CoV-2	TRBV6-1*01	TRBJ1-2*01	VDJdb
23.0	SRDRAPETQY	14	TRB	TFEYVSQPFLMDLE	MHCII	CD4	SARS-CoV-2	TRBV25-1*01	TRBJ2-5*01	VDJdb
23.0	SRGRGPETQY	14	TRB	TFEYVSQPFLMDLE	MHCII	CD4	SARS-CoV-2	TRBV19*01	TRBJ2-5*01	VDJdb
23.0	SRNRAGSPLH	14	TRB	TFEYVSQPFLMDLE	MHCII	CD4	SARS-CoV-2	TRBV14*01	TRBJ1-6*01	VDJdb
23.0	SRPRGGSGAF	14	TRB	TFEYVSQPFLMDLE	MHCII	CD4	SARS-CoV-2	TRBV6-6*01	TRBJ1-1*01	VDJdb
23.0	SRTKGGLGYT	14	TRB	TFEYVSQPFLMDLE	MHCII	CD4	SARS-CoV-2	TRBV6-5*01	TRBJ1-2*01	VDJdb
23.0	SSAQGALGYT	14	TRB	TFEYVSQPFLMDLE	MHCII	CD4	SARS-CoV-2	TRBV9*01	TRBJ1-2*01	VDJdb
23.0	SSARGAIGYT	14	TRB	TFEYVSQPFLMDLE	MHCII	CD4	SARS-CoV-2	TRBV19*01	TRBJ1-2*01	VDJdb
23.0	SSARGGNGYT	14	TRB	TFEYVSQPFLMDLE	MHCII	CD4	SARS-CoV-2	TRBV6-1*01	TRBJ1-2*01	VDJdb
23.0	SSATGGVGYT	14	TRB	TFEYVSQPFLMDLE	MHCII	CD4	SARS-CoV-2	TRBV5-5*01	TRBJ1-2*01	VDJdb
23.0	SSDRGALGYT	14	TRB	TFEYVSQPFLMDLE	MHCII	CD4	SARS-CoV-2	TRBV11-2*01	TRBJ1-2*01	VDJdb
23.0	SSERGALGAF	14	TRB	TFEYVSQPFLMDLE	MHCII	CD4	SARS-CoV-2	TRBV25-1*01	TRBJ1-1*01	VDJdb
23.0	SSERGQGGYT	14	TRB	TFEYVSQPFLMDLE	MHCII	CD4	SARS-CoV-2	TRBV6-1*01	TRBJ1-2*01	VDJdb
23.0	SSFGRGDGYT	14	TRB	TFEYVSQPFLMDLE	MHCII	CD4	SARS-CoV-2	TRBV11-2*01	TRBJ1-2*01	VDJdb
23.0	SSFRGADGYT	14	TRB	TFEYVSQPFLMDLE	MHCII	CD4	SARS-CoV-2	TRBV27*01	TRBJ1-2*01	VDJdb
23.0	SSFRGDYGYT	14	TRB	TFEYVSQPFLMDLE	MHCII	CD4	SARS-CoV-2	TRBV27*01	TRBJ1-2*01	VDJdb
23.0	SSFRGGDGYT	14	TRB	TFEYVSQPFLMDLE	MHCII	CD4	SARS-CoV-2	TRBV6-6*01	TRBJ1-2*01	VDJdb
23.0	SSFRGSNGYT	14	TRB	TFEYVSQPFLMDLE	MHCII	CD4	SARS-CoV-2	TRBV27*01	TRBJ1-2*01	VDJdb
23.0	SSFSGSYGYT	14	TRB	TFEYVSQPFLMDLE	MHCII	CD4	SARS-CoV-2	TRBV7-3*01	TRBJ1-2*01	VDJdb
23.0	SSFTGGNGYT	14	TRB	TFEYVSQPFLMDLE	MHCII	CD4	SARS-CoV-2	TRBV11-2*01	TRBJ1-2*01	VDJdb
23.0	SSGRGSFGYT	14	TRB	TFEYVSQPFLMDLE	MHCII	CD4	SARS-CoV-2	TRBV6-1*01	TRBJ1-2*01	VDJdb
23.0	SSGSGHLGYT	14	TRB	TFEYVSQPFLMDLE	MHCII	CD4	SARS-CoV-2	TRBV6-1*01	TRBJ1-2*01	VDJdb
23.0	SSIRPHDRYT	14	TRB	TFEYVSQPFLMDLE	MHCII	CD4	SARS-CoV-2	TRBV6-2*01	TRBJ1-2*01	VDJdb
23.0	SSLGPWETQY	14	TRB	TFEYVSQPFLMDLE	MHCII	CD4	SARS-CoV-2	TRBV27*01	TRBJ2-5*01	VDJdb
23.0	SSLQGGNGYT	14	TRB	TFEYVSQPFLMDLE	MHCII	CD4	SARS-CoV-2	TRBV5-5*01	TRBJ1-2*01	VDJdb
23.0	SSLRGADGYT	14	TRB	TFEYVSQPFLMDLE	MHCII	CD4	SARS-CoV-2	TRBV5-5*01	TRBJ1-2*01	VDJdb
23.0	SSLRGAGGYT	14	TRB	TFEYVSQPFLMDLE	MHCII	CD4	SARS-CoV-2	TRBV27*01	TRBJ1-2*01	VDJdb
23.0	SSLRGAHGYT	14	TRB	TFEYVSQPFLMDLE	MHCII	CD4	SARS-CoV-2	TRBV27*01	TRBJ1-2*01	VDJdb
23.0	SSLRGALGAF	14	TRB	TFEYVSQPFLMDLE	MHCII	CD4	SARS-CoV-2	TRBV27*01	TRBJ1-1*01	VDJdb
23.0	SSLRGALGYT	14	TRB	TFEYVSQPFLMDLE	MHCII	CD4	SARS-CoV-2	TRBV27*01	TRBJ1-2*01	VDJdb
23.0	SSLRGDAGYT	14	TRB	TFEYVSQPFLMDLE	MHCII	CD4	SARS-CoV-2	TRBV11-2*01	TRBJ1-2*01	VDJdb
23.0	SSLRGDYGYT	14	TRB	TFEYVSQPFLMDLE	MHCII	CD4	SARS-CoV-2	TRBV11-2*01	TRBJ1-2*01	VDJdb
23.0	SSLRGDYGYT	14	TRB	TFEYVSQPFLMDLE	MHCII	CD4	SARS-CoV-2	TRBV6-2*01	TRBJ1-2*01	VDJdb
23.0	SSLRGGDGYT	14	TRB	TFEYVSQPFLMDLE	MHCII	CD4	SARS-CoV-2	TRBV6-1*01	TRBJ1-2*01	VDJdb
23.0	SSLRGLEKLF	14	TRB	TFEYVSQPFLMDLE	MHCII	CD4	SARS-CoV-2	TRBV6-6*01	TRBJ1-4*01	VDJdb
23.0	SSLRGSGGYT	14	TRB	TFEYVSQPFLMDLE	MHCII	CD4	SARS-CoV-2	TRBV7-9*01	TRBJ1-2*01	VDJdb
23.0	SSLTGGHGYT	14	TRB	TFEYVSQPFLMDLE	MHCII	CD4	SARS-CoV-2	TRBV9*01	TRBJ1-2*01	VDJdb
23.0	SSLTGGKGYT	14	TRB	TFEYVSQPFLMDLE	MHCII	CD4	SARS-CoV-2	TRBV11-2*01	TRBJ1-2*01	VDJdb
23.0	SSNRGRIEQY	14	TRB	TFEYVSQPFLMDLE	MHCII	CD4	SARS-CoV-2	TRBV6-5*01	TRBJ2-7*01	VDJdb
23.0	SSPRGANGYT	14	TRB	TFEYVSQPFLMDLE	MHCII	CD4	SARS-CoV-2	TRBV6-1*01	TRBJ1-2*01	VDJdb
23.0	SSPRGGEGYT	14	TRB	TFEYVSQPFLMDLE	MHCII	CD4	SARS-CoV-2	TRBV6-6*01	TRBJ1-2*01	VDJdb
23.0	SSPRGGHGYT	14	TRB	TFEYVSQPFLMDLE	MHCII	CD4	SARS-CoV-2	TRBV14*01	TRBJ1-2*01	VDJdb
23.0	SSPRGGNGYT	14	TRB	TFEYVSQPFLMDLE	MHCII	CD4	SARS-CoV-2	TRBV6-6*01	TRBJ1-2*01	VDJdb
23.0	SSPRGGNGYT	14	TRB	TFEYVSQPFLMDLE	MHCII	CD4	SARS-CoV-2	TRBV12-4*01	TRBJ1-2*01	VDJdb
23.0	SSPRGSFGYT	14	TRB	TFEYVSQPFLMDLE	MHCII	CD4	SARS-CoV-2	TRBV6-2*01	TRBJ1-2*01	VDJdb
23.0	SSPSGLLSLY	14	TRB	TFEYVSQPFLMDLE	MHCII	CD4	SARS-CoV-2	TRBV4-1*01	TRBJ2-7*01	VDJdb
23.0	SSQRGAIGYT	14	TRB	TFEYVSQPFLMDLE	MHCII	CD4	SARS-CoV-2	TRBV4-3*01	TRBJ1-2*01	VDJdb
23.0	SSQRGAVGYT	14	TRB	TFEYVSQPFLMDLE	MHCII	CD4	SARS-CoV-2	TRBV14*01	TRBJ1-2*01	VDJdb
23.0	SSRRDGNTIY	14	TRB	TFEYVSQPFLMDLE	MHCII	CD4	SARS-CoV-2	TRBV3-1*01	TRBJ1-3*01	VDJdb
23.0	SSRRGGDGYT	14	TRB	TFEYVSQPFLMDLE	MHCII	CD4	SARS-CoV-2	TRBV11-2*01	TRBJ1-2*01	VDJdb
23.0	SSRSGNYGYT	14	TRB	TFEYVSQPFLMDLE	MHCII	CD4	SARS-CoV-2	TRBV7-2*01	TRBJ1-2*01	VDJdb
23.0	SSRTGGVGYT	14	TRB	TFEYVSQPFLMDLE	MHCII	CD4	SARS-CoV-2	TRBV6-4*01	TRBJ1-2*01	VDJdb
23.0	SSSGAPYGYT	14	TRB	TFEYVSQPFLMDLE	MHCII	CD4	SARS-CoV-2	TRBV25-1*01	TRBJ1-2*01	VDJdb
23.0	SSSGRGSGYT	14	TRB	TFEYVSQPFLMDLE	MHCII	CD4	SARS-CoV-2	TRBV6-2*01	TRBJ1-2*01	VDJdb
23.0	SSSREGLGYT	14	TRB	TFEYVSQPFLMDLE	MHCII	CD4	SARS-CoV-2	TRBV11-2*01	TRBJ1-2*01	VDJdb
23.0	SSSRGADGYT	14	TRB	TFEYVSQPFLMDLE	MHCII	CD4	SARS-CoV-2	TRBV7-9*01	TRBJ1-2*01	VDJdb
23.0	SSSRGAFGYT	14	TRB	TFEYVSQPFLMDLE	MHCII	CD4	SARS-CoV-2	TRBV11-2*01	TRBJ1-2*01	VDJdb
23.0	SSSRGANGYT	14	TRB	TFEYVSQPFLMDLE	MHCII	CD4	SARS-CoV-2	TRBV6-2*01	TRBJ1-2*01	VDJdb
23.0	SSSRGDYGYT	14	TRB	TFEYVSQPFLMDLE	MHCII	CD4	SARS-CoV-2	TRBV6-6*01	TRBJ1-2*01	VDJdb
23.0	SSSRGGDGYT	14	TRB	TFEYVSQPFLMDLE	MHCII	CD4	SARS-CoV-2	TRBV5-5*01	TRBJ1-2*01	VDJdb
23.0	SSSRQGSPLH	14	TRB	TFEYVSQPFLMDLE	MHCII	CD4	SARS-CoV-2	TRBV11-3*01	TRBJ1-6*01	VDJdb
23.0	SSSRRGHGYT	14	TRB	TFEYVSQPFLMDLE	MHCII	CD4	SARS-CoV-2	TRBV28*01	TRBJ1-2*01	VDJdb
23.0	SSTTGGNGYT	14	TRB	TFEYVSQPFLMDLE	MHCII	CD4	SARS-CoV-2	TRBV11-2*01	TRBJ1-2*01	VDJdb
23.0	SSVRGAMGYT	14	TRB	TFEYVSQPFLMDLE	MHCII	CD4	SARS-CoV-2	TRBV25-1*01	TRBJ1-2*01	VDJdb
23.0	SSVTGGNGYT	14	TRB	TFEYVSQPFLMDLE	MHCII	CD4	SARS-CoV-2	TRBV9*01	TRBJ1-2*01	VDJdb
23.0	SSVTGGWEQY	14	TRB	TFEYVSQPFLMDLE	MHCII	CD4	SARS-CoV-2	TRBV9*01	TRBJ2-7*01	VDJdb
23.0	SSVTGGYGYT	14	TRB	TFEYVSQPFLMDLE	MHCII	CD4	SARS-CoV-2	TRBV9*01	TRBJ1-2*01	VDJdb
23.0	SSVVGGLGYT	14	TRB	TFEYVSQPFLMDLE	MHCII	CD4	SARS-CoV-2	TRBV9*01	TRBJ1-2*01	VDJdb
23.0	SSYNRGYGYT	14	TRB	TFEYVSQPFLMDLE	MHCII	CD4	SARS-CoV-2	TRBV6-2*01	TRBJ1-2*01	VDJdb
23.0	SSYRGADGYT	14	TRB	TFEYVSQPFLMDLE	MHCII	CD4	SARS-CoV-2	TRBV11-2*01	TRBJ1-2*01	VDJdb
23.0	SSYRGAYGYT	14	TRB	TFEYVSQPFLMDLE	MHCII	CD4	SARS-CoV-2	TRBV6-5*01	TRBJ1-2*01	VDJdb
23.0	SSYRGAYGYT	14	TRB	TFEYVSQPFLMDLE	MHCII	CD4	SARS-CoV-2	TRBV6-2*01	TRBJ1-2*01	VDJdb
23.0	SSYRGDYGYT	14	TRB	TFEYVSQPFLMDLE	MHCII	CD4	SARS-CoV-2	TRBV6-2*01	TRBJ1-2*01	VDJdb
23.0	SSYRGGGGYT	14	TRB	TFEYVSQPFLMDLE	MHCII	CD4	SARS-CoV-2	TRBV6-1*01	TRBJ1-2*01	VDJdb
23.0	SSYRGGTPLH	14	TRB	TFEYVSQPFLMDLE	MHCII	CD4	SARS-CoV-2	TRBV6-5*01	TRBJ1-6*01	VDJdb
23.0	SSYRGSDGYT	14	TRB	TFEYVSQPFLMDLE	MHCII	CD4	SARS-CoV-2	TRBV6-2*01	TRBJ1-2*01	VDJdb
23.0	SSYRQGQPQH	14	TRB	TFEYVSQPFLMDLE	MHCII	CD4	SARS-CoV-2	TRBV6-2*01	TRBJ1-5*01	VDJdb
23.0	SSYSLGQPQH	14	TRB	TFEYVSQPFLMDLE	MHCII	CD4	SARS-CoV-2	TRBV6-2*01	TRBJ1-5*01	VDJdb
23.0	SSYSRGRPQH	14	TRB	TFEYVSQPFLMDLE	MHCII	CD4	SARS-CoV-2	TRBV6-2*01	TRBJ1-5*01	VDJdb
23.0	STARGGNGYT	14	TRB	TFEYVSQPFLMDLE	MHCII	CD4	SARS-CoV-2	TRBV6-6*01	TRBJ1-2*01	VDJdb
23.0	STNRGRTEAF	14	TRB	TFEYVSQPFLMDLE	MHCII	CD4	SARS-CoV-2	TRBV6-5*01	TRBJ1-1*01	VDJdb
23.0	STPRQGFGYT	14	TRB	TFEYVSQPFLMDLE	MHCII	CD4	SARS-CoV-2	TRBV6-2*01	TRBJ1-2*01	VDJdb
23.0	SVNRGGQPQH	14	TRB	TFEYVSQPFLMDLE	MHCII	CD4	SARS-CoV-2	TRBV6-1*01	TRBJ1-5*01	VDJdb
23.0	TASGSPYGYT	14	TRB	TFEYVSQPFLMDLE	MHCII	CD4	SARS-CoV-2	TRBV27*01	TRBJ1-2*01	VDJdb
23.0	TSDRTGWGYT	14	TRB	TFEYVSQPFLMDLE	MHCII	CD4	SARS-CoV-2	TRBV24-1*01	TRBJ1-2*01	VDJdb
23.0	TSGRGGFGYT	14	TRB	TFEYVSQPFLMDLE	MHCII	CD4	SARS-CoV-2	TRBV24-1*01	TRBJ1-2*01	VDJdb
23.0	TSLRGADGYT	14	TRB	TFEYVSQPFLMDLE	MHCII	CD4	SARS-CoV-2	TRBV15*01	TRBJ1-2*01	VDJdb
23.0	TSLTGGSGYT	14	TRB	TFEYVSQPFLMDLE	MHCII	CD4	SARS-CoV-2	TRBV24-1*01	TRBJ1-2*01	VDJdb
23.0	TSNRGALGYT	14	TRB	TFEYVSQPFLMDLE	MHCII	CD4	SARS-CoV-2	TRBV15*01	TRBJ1-2*01	VDJdb
23.0	TSPRGAVGYT	14	TRB	TFEYVSQPFLMDLE	MHCII	CD4	SARS-CoV-2	TRBV24-1*01	TRBJ1-2*01	VDJdb
23.0	TSPRGAWGYT	14	TRB	TFEYVSQPFLMDLE	MHCII	CD4	SARS-CoV-2	TRBV24-1*01	TRBJ1-2*01	VDJdb
23.0	WSVRGAHGYT	14	TRB	TFEYVSQPFLMDLE	MHCII	CD4	SARS-CoV-2	TRBV30*01	TRBJ1-2*01	VDJdb
24.0	APRRTMNTEAF	15	TRB	TFEYVSQPFLMDLE	MHCII	CD4	SARS-CoV-2	TRBV20-1*01	TRBJ1-1*01	VDJdb
24.0	IPGLTTLHGYT	15	TRB	TFEYVSQPFLMDLE	MHCII	CD4	SARS-CoV-2	TRBV6-1*01	TRBJ1-2*01	VDJdb
24.0	SGGQGNIHGYT	15	TRB	TFEYVSQPFLMDLE	MHCII	CD4	SARS-CoV-2	TRBV6-1*01	TRBJ1-2*01	VDJdb
24.0	SHRTGGVYGYT	15	TRB	TFEYVSQPFLMDLE	MHCII	CD4	SARS-CoV-2	TRBV6-1*01	TRBJ1-2*01	VDJdb
24.0	SIIRQGAFEQY	15	TRB	TFEYVSQPFLMDLE	MHCII	CD4	SARS-CoV-2	TRBV6-2*01	TRBJ2-7*01	VDJdb
24.0	SIPRPGALGYT	15	TRB	TFEYVSQPFLMDLE	MHCII	CD4	SARS-CoV-2	TRBV28*01	TRBJ1-2*01	VDJdb
24.0	SITGTGGFGYT	15	TRB	TFEYVSQPFLMDLE	MHCII	CD4	SARS-CoV-2	TRBV6-1*01	TRBJ1-2*01	VDJdb
24.0	SKGLGSTDTQY	15	TRB	TFEYVSQPFLMDLE	MHCII	CD4	SARS-CoV-2	TRBV18*01	TRBJ2-3*01	VDJdb
24.0	SRGQAGILEAF	15	TRB	TFEYVSQPFLMDLE	MHCII	CD4	SARS-CoV-2	TRBV25-1*01	TRBJ1-1*01	VDJdb
24.0	SRGRPGAFGYT	15	TRB	TFEYVSQPFLMDLE	MHCII	CD4	SARS-CoV-2	TRBV19*01	TRBJ1-2*01	VDJdb
24.0	SRGTSGSLEQF	15	TRB	TFEYVSQPFLMDLE	MHCII	CD4	SARS-CoV-2	TRBV6-4*01	TRBJ2-1*01	VDJdb
24.0	SRNRSPKHGYT	15	TRB	TFEYVSQPFLMDLE	MHCII	CD4	SARS-CoV-2	TRBV6-1*01	TRBJ1-2*01	VDJdb
24.0	SRPDRGLGEQF	15	TRB	TFEYVSQPFLMDLE	MHCII	CD4	SARS-CoV-2	TRBV11-3*01	TRBJ2-1*01	VDJdb
24.0	SRPDRVDTEAF	15	TRB	TFEYVSQPFLMDLE	MHCII	CD4	SARS-CoV-2	TRBV7-9*01	TRBJ1-1*01	VDJdb
24.0	SRRDRGLEGYT	15	TRB	TFEYVSQPFLMDLE	MHCII	CD4	SARS-CoV-2	TRBV6-1*01	TRBJ1-2*01	VDJdb
24.0	SSFGRGSLGYT	15	TRB	TFEYVSQPFLMDLE	MHCII	CD4	SARS-CoV-2	TRBV12-3*01	TRBJ1-2*01	VDJdb
24.0	SSFRGPGNEQF	15	TRB	TFEYVSQPFLMDLE	MHCII	CD4	SARS-CoV-2	TRBV5-5*01	TRBJ2-1*01	VDJdb
24.0	SSFRGPGNTIY	15	TRB	TFEYVSQPFLMDLE	MHCII	CD4	SARS-CoV-2	TRBV11-2*01	TRBJ1-3*01	VDJdb
24.0	SSFRQGAREQY	15	TRB	TFEYVSQPFLMDLE	MHCII	CD4	SARS-CoV-2	TRBV27*01	TRBJ2-7*01	VDJdb
24.0	SSGRARSYEQY	15	TRB	TFEYVSQPFLMDLE	MHCII	CD4	SARS-CoV-2	TRBV18*01	TRBJ2-7*01	VDJdb
24.0	SSGRASALGQF	15	TRB	TFEYVSQPFLMDLE	MHCII	CD4	SARS-CoV-2	TRBV6-1*01	TRBJ2-1*01	VDJdb
24.0	SSGRQGSYEQY	15	TRB	TFEYVSQPFLMDLE	MHCII	CD4	SARS-CoV-2	TRBV6-1*01	TRBJ2-7*01	VDJdb
24.0	SSGRSGGFGYT	15	TRB	TFEYVSQPFLMDLE	MHCII	CD4	SARS-CoV-2	TRBV12-3*01	TRBJ1-2*01	VDJdb
24.0	SSGTRGALGYT	15	TRB	TFEYVSQPFLMDLE	MHCII	CD4	SARS-CoV-2	TRBV6-1*01	TRBJ1-2*01	VDJdb
24.0	SSHRKGALEAF	15	TRB	TFEYVSQPFLMDLE	MHCII	CD4	SARS-CoV-2	TRBV11-2*01	TRBJ1-1*01	VDJdb
24.0	SSLGTSGLSGF	15	TRB	TFEYVSQPFLMDLE	MHCII	CD4	SARS-CoV-2	TRBV7-9*01	TRBJ2-1*01	VDJdb
24.0	SSLKTGGWGYT	15	TRB	TFEYVSQPFLMDLE	MHCII	CD4	SARS-CoV-2	TRBV5-8*01	TRBJ1-2*01	VDJdb
24.0	SSLRGSGLEQY	15	TRB	TFEYVSQPFLMDLE	MHCII	CD4	SARS-CoV-2	TRBV6-1*01	TRBJ2-7*01	VDJdb
24.0	SSLRKGTLGYT	15	TRB	TFEYVSQPFLMDLE	MHCII	CD4	SARS-CoV-2	TRBV27*01	TRBJ1-2*01	VDJdb
24.0	SSLRSGGFGYT	15	TRB	TFEYVSQPFLMDLE	MHCII	CD4	SARS-CoV-2	TRBV28*01	TRBJ1-2*01	VDJdb
24.0	SSPDRGLGGYT	15	TRB	TFEYVSQPFLMDLE	MHCII	CD4	SARS-CoV-2	TRBV25-1*01	TRBJ1-2*01	VDJdb
24.0	SSPEYGVRGYT	15	TRB	TFEYVSQPFLMDLE	MHCII	CD4	SARS-CoV-2	TRBV7-9*01	TRBJ1-2*01	VDJdb
24.0	SSPPRGGLGYT	15	TRB	TFEYVSQPFLMDLE	MHCII	CD4	SARS-CoV-2	TRBV18*01	TRBJ1-2*01	VDJdb
24.0	SSPRGDYYGYT	15	TRB	TFEYVSQPFLMDLE	MHCII	CD4	SARS-CoV-2	TRBV19*01	TRBJ1-2*01	VDJdb
24.0	SSPRGQGEGYT	15	TRB	TFEYVSQPFLMDLE	MHCII	CD4	SARS-CoV-2	TRBV9*01	TRBJ1-2*01	VDJdb
24.0	SSPRGSGNTIY	15	TRB	TFEYVSQPFLMDLE	MHCII	CD4	SARS-CoV-2	TRBV6-6*01	TRBJ1-3*01	VDJdb
24.0	SSPRQGSFGYT	15	TRB	TFEYVSQPFLMDLE	MHCII	CD4	SARS-CoV-2	TRBV27*01	TRBJ1-2*01	VDJdb
24.0	SSPRQGSMGYT	15	TRB	TFEYVSQPFLMDLE	MHCII	CD4	SARS-CoV-2	TRBV6-5*01	TRBJ1-2*01	VDJdb
24.0	SSPRRGHLEAF	15	TRB	TFEYVSQPFLMDLE	MHCII	CD4	SARS-CoV-2	TRBV7-2*01	TRBJ1-1*01	VDJdb
24.0	SSPRTAPEGYT	15	TRB	TFEYVSQPFLMDLE	MHCII	CD4	SARS-CoV-2	TRBV9*01	TRBJ1-2*01	VDJdb
24.0	SSQAGWNTEAF	15	TRB	TFEYVSQPFLMDLE	MHCII	CD4	SARS-CoV-2	TRBV4-1*01	TRBJ1-1*01	VDJdb
24.0	SSQTGGSLGYT	15	TRB	TFEYVSQPFLMDLE	MHCII	CD4	SARS-CoV-2	TRBV6-1*01	TRBJ1-2*01	VDJdb
24.0	SSRASGSFGYT	15	TRB	TFEYVSQPFLMDLE	MHCII	CD4	SARS-CoV-2	TRBV14*01	TRBJ1-2*01	VDJdb
24.0	SSRRQGIGGYT	15	TRB	TFEYVSQPFLMDLE	MHCII	CD4	SARS-CoV-2	TRBV28*01	TRBJ1-2*01	VDJdb
24.0	SSSDRGGFGYT	15	TRB	TFEYVSQPFLMDLE	MHCII	CD4	SARS-CoV-2	TRBV9*01	TRBJ1-2*01	VDJdb
24.0	SSSQGALNGYT	15	TRB	TFEYVSQPFLMDLE	MHCII	CD4	SARS-CoV-2	TRBV25-1*01	TRBJ1-2*01	VDJdb
24.0	SSSQGALYGYT	15	TRB	TFEYVSQPFLMDLE	MHCII	CD4	SARS-CoV-2	TRBV25-1*01	TRBJ1-2*01	VDJdb
24.0	SSSRQGSLKQY	15	TRB	TFEYVSQPFLMDLE	MHCII	CD4	SARS-CoV-2	TRBV6-6*01	TRBJ2-7*01	VDJdb
24.0	SSSSGSLKGYT	15	TRB	TFEYVSQPFLMDLE	MHCII	CD4	SARS-CoV-2	TRBV6-1*01	TRBJ1-2*01	VDJdb
24.0	SSSTGSPYGYT	15	TRB	TFEYVSQPFLMDLE	MHCII	CD4	SARS-CoV-2	TRBV11-2*01	TRBJ1-2*01	VDJdb
24.0	SSTGQGALGYT	15	TRB	TFEYVSQPFLMDLE	MHCII	CD4	SARS-CoV-2	TRBV6-1*01	TRBJ1-2*01	VDJdb
24.0	SSTQGVVRGYT	15	TRB	TFEYVSQPFLMDLE	MHCII	CD4	SARS-CoV-2	TRBV6-1*01	TRBJ1-2*01	VDJdb
24.0	SSTRGPGNTIY	15	TRB	TFEYVSQPFLMDLE	MHCII	CD4	SARS-CoV-2	TRBV9*01	TRBJ1-3*01	VDJdb
24.0	SSTRTNLYGYT	15	TRB	TFEYVSQPFLMDLE	MHCII	CD4	SARS-CoV-2	TRBV14*01	TRBJ1-2*01	VDJdb
24.0	SSVPGRNYEQY	15	TRB	TFEYVSQPFLMDLE	MHCII	CD4	SARS-CoV-2	TRBV9*01	TRBJ2-7*01	VDJdb
24.0	SSVRTDPSKAF	15	TRB	TFEYVSQPFLMDLE	MHCII	CD4	SARS-CoV-2	TRBV9*01	TRBJ1-1*01	VDJdb
24.0	SSYRDPLQGQF	15	TRB	TFEYVSQPFLMDLE	MHCII	CD4	SARS-CoV-2	TRBV28*01	TRBJ2-1*01	VDJdb
24.0	SSYRGGGNTIY	15	TRB	TFEYVSQPFLMDLE	MHCII	CD4	SARS-CoV-2	TRBV7-2*01	TRBJ1-3*01	VDJdb
24.0	SSYRGTVYGYT	15	TRB	TFEYVSQPFLMDLE	MHCII	CD4	SARS-CoV-2	TRBV6-2*01	TRBJ1-2*01	VDJdb
24.0	SSYSKGSLAQH	15	TRB	TFEYVSQPFLMDLE	MHCII	CD4	SARS-CoV-2	TRBV6-5*01	TRBJ1-5*01	VDJdb
24.0	SSYSKGSLGYT	15	TRB	TFEYVSQPFLMDLE	MHCII	CD4	SARS-CoV-2	TRBV6-2*01	TRBJ1-2*01	VDJdb
24.0	SSYSQGAFGYT	15	TRB	TFEYVSQPFLMDLE	MHCII	CD4	SARS-CoV-2	TRBV6-2*01	TRBJ1-2*01	VDJdb
24.0	SSYSRGSFGYT	15	TRB	TFEYVSQPFLMDLE	MHCII	CD4	SARS-CoV-2	TRBV6-5*01	TRBJ1-2*01	VDJdb
24.0	SSYSTGSLGYT	15	TRB	TFEYVSQPFLMDLE	MHCII	CD4	SARS-CoV-2	TRBV6-2*01	TRBJ1-2*01	VDJdb
24.0	STPRGLPEGYT	15	TRB	TFEYVSQPFLMDLE	MHCII	CD4	SARS-CoV-2	TRBV3-1*01	TRBJ2-3*01	VDJdb
24.0	STPRQGSLGQF	15	TRB	TFEYVSQPFLMDLE	MHCII	CD4	SARS-CoV-2	TRBV27*01	TRBJ2-1*01	VDJdb
24.0	STTRAGSFEQY	15	TRB	TFEYVSQPFLMDLE	MHCII	CD4	SARS-CoV-2	TRBV6-2*01	TRBJ2-7*01	VDJdb
24.0	STVPGQLYGYT	15	TRB	TFEYVSQPFLMDLE	MHCII	CD4	SARS-CoV-2	TRBV6-1*01	TRBJ1-2*01	VDJdb
24.0	STYPGTPYGYT	15	TRB	TFEYVSQPFLMDLE	MHCII	CD4	SARS-CoV-2	TRBV19*01	TRBJ1-2*01	VDJdb
24.0	SYFGRGGHGYT	15	TRB	TFEYVSQPFLMDLE	MHCII	CD4	SARS-CoV-2	TRBV19*01	TRBJ1-2*01	VDJdb
24.0	TSDRGQVYGYT	15	TRB	TFEYVSQPFLMDLE	MHCII	CD4	SARS-CoV-2	TRBV24-1*01	TRBJ1-2*01	VDJdb
24.0	TTSGGALYGYT	15	TRB	TFEYVSQPFLMDLE	MHCII	CD4	SARS-CoV-2	TRBV19*01	TRBJ1-2*01	VDJdb
24.0	VKTRDGSTEAF	15	TRB	TFEYVSQPFLMDLE	MHCII	CD4	SARS-CoV-2	TRBV29-1*01	TRBJ1-1*01	VDJdb
22.0	SIGRPGALGGYT	16	TRB	TFEYVSQPFLMDLE	MHCII	CD4	SARS-CoV-2	TRBV19*01	TRBJ1-2*01	VDJdb
22.0	SIPRLHLFTEAF	16	TRB	TFEYVSQPFLMDLE	MHCII	CD4	SARS-CoV-2	TRBV6-1*01	TRBJ1-1*01	VDJdb
22.0	SIQRRGDYYGYT	16	TRB	TFEYVSQPFLMDLE	MHCII	CD4	SARS-CoV-2	TRBV28*01	TRBJ1-2*01	VDJdb
22.0	SIRSRGELYGYT	16	TRB	TFEYVSQPFLMDLE	MHCII	CD4	SARS-CoV-2	TRBV7-2*01	TRBJ1-2*01	VDJdb
22.0	SIYRTGGIYGYT	16	TRB	TFEYVSQPFLMDLE	MHCII	CD4	SARS-CoV-2	TRBV28*01	TRBJ1-2*01	VDJdb
22.0	SIYVLGSTYGYT	16	TRB	TFEYVSQPFLMDLE	MHCII	CD4	SARS-CoV-2	TRBV6-1*01	TRBJ1-2*01	VDJdb
22.0	SRDRARSDTEAF	16	TRB	TFEYVSQPFLMDLE	MHCII	CD4	SARS-CoV-2	TRBV7-9*01	TRBJ1-1*01	VDJdb
22.0	SRFGTNSYNEQF	16	TRB	TFEYVSQPFLMDLE	MHCII	CD4	SARS-CoV-2	TRBV12-3*01	TRBJ2-1*01	VDJdb
22.0	SRNRQQTLYGYT	16	TRB	TFEYVSQPFLMDLE	MHCII	CD4	SARS-CoV-2	TRBV6-6*01	TRBJ1-2*01	VDJdb
22.0	SRPRQGSYNEQF	16	TRB	TFEYVSQPFLMDLE	MHCII	CD4	SARS-CoV-2	TRBV27*01	TRBJ2-1*01	VDJdb
22.0	SRPRQGSYNEQF	16	TRB	TFEYVSQPFLMDLE	MHCII	CD4	SARS-CoV-2	TRBV6-5*01	TRBJ2-1*01	VDJdb
22.0	SRTLRDSFGGYT	16	TRB	TFEYVSQPFLMDLE	MHCII	CD4	SARS-CoV-2	TRBV11-2*01	TRBJ1-2*01	VDJdb
22.0	SSADRGALYGYT	16	TRB	TFEYVSQPFLMDLE	MHCII	CD4	SARS-CoV-2	TRBV14*01	TRBJ1-2*01	VDJdb
22.0	SSALRGQIYGYT	16	TRB	TFEYVSQPFLMDLE	MHCII	CD4	SARS-CoV-2	TRBV19*01	TRBJ1-2*01	VDJdb
22.0	SSARGRDPGTQY	16	TRB	TFEYVSQPFLMDLE	MHCII	CD4	SARS-CoV-2	TRBV9*01	TRBJ2-5*01	VDJdb
22.0	SSARQGALGGYT	16	TRB	TFEYVSQPFLMDLE	MHCII	CD4	SARS-CoV-2	TRBV2*01	TRBJ1-2*01	VDJdb
22.0	SSARQGTLRGYT	16	TRB	TFEYVSQPFLMDLE	MHCII	CD4	SARS-CoV-2	TRBV2*01	TRBJ1-2*01	VDJdb
22.0	SSDRGTGLNGYT	16	TRB	TFEYVSQPFLMDLE	MHCII	CD4	SARS-CoV-2	TRBV6-4*01	TRBJ1-2*01	VDJdb
22.0	SSEDGTVTYEQY	16	TRB	TFEYVSQPFLMDLE	MHCII	CD4	SARS-CoV-2	TRBV10-1*01	TRBJ2-7*01	VDJdb
22.0	SSERQGSLYGYT	16	TRB	TFEYVSQPFLMDLE	MHCII	CD4	SARS-CoV-2	TRBV6-1*01	TRBJ1-2*01	VDJdb
22.0	SSESPSGQETQY	16	TRB	TFEYVSQPFLMDLE	MHCII	CD4	SARS-CoV-2	TRBV10-2*01	TRBJ2-5*01	VDJdb
22.0	SSFRGGSLYGYT	16	TRB	TFEYVSQPFLMDLE	MHCII	CD4	SARS-CoV-2	TRBV12-3*01	TRBJ1-2*01	VDJdb
22.0	SSFRKGSLNGYT	16	TRB	TFEYVSQPFLMDLE	MHCII	CD4	SARS-CoV-2	TRBV27*01	TRBJ1-2*01	VDJdb
22.0	SSFRRDTPNGYT	16	TRB	TFEYVSQPFLMDLE	MHCII	CD4	SARS-CoV-2	TRBV7-2*01	TRBJ1-2*01	VDJdb
22.0	SSFSRGSLGGYT	16	TRB	TFEYVSQPFLMDLE	MHCII	CD4	SARS-CoV-2	TRBV12-3*01	TRBJ1-2*01	VDJdb
22.0	SSFTGGSPRGYT	16	TRB	TFEYVSQPFLMDLE	MHCII	CD4	SARS-CoV-2	TRBV5-5*01	TRBJ1-2*01	VDJdb
22.0	SSFTPGTPYGYT	16	TRB	TFEYVSQPFLMDLE	MHCII	CD4	SARS-CoV-2	TRBV6-2*01	TRBJ1-2*01	VDJdb
22.0	SSGRQGAVDGYT	16	TRB	TFEYVSQPFLMDLE	MHCII	CD4	SARS-CoV-2	TRBV6-1*01	TRBJ1-2*01	VDJdb
22.0	SSKNPGQLYGYT	16	TRB	TFEYVSQPFLMDLE	MHCII	CD4	SARS-CoV-2	TRBV6-2*01	TRBJ1-2*01	VDJdb
22.0	SSKRQSTVYGYT	16	TRB	TFEYVSQPFLMDLE	MHCII	CD4	SARS-CoV-2	TRBV7-2*01	TRBJ1-2*01	VDJdb
22.0	SSKTAGWEYGYT	16	TRB	TFEYVSQPFLMDLE	MHCII	CD4	SARS-CoV-2	TRBV2*01	TRBJ1-2*01	VDJdb
22.0	SSLERGQLYGYT	16	TRB	TFEYVSQPFLMDLE	MHCII	CD4	SARS-CoV-2	TRBV7-9*01	TRBJ1-2*01	VDJdb
22.0	SSLGRGSLYGYT	16	TRB	TFEYVSQPFLMDLE	MHCII	CD4	SARS-CoV-2	TRBV12-3*01	TRBJ1-2*01	VDJdb
22.0	SSLRGGSPTGYT	16	TRB	TFEYVSQPFLMDLE	MHCII	CD4	SARS-CoV-2	TRBV11-2*01	TRBJ1-2*01	VDJdb
22.0	SSLRPGTLYGYT	16	TRB	TFEYVSQPFLMDLE	MHCII	CD4	SARS-CoV-2	TRBV6-2*01	TRBJ1-2*01	VDJdb
22.0	SSLRRTGLQGYT	16	TRB	TFEYVSQPFLMDLE	MHCII	CD4	SARS-CoV-2	TRBV5-8*01	TRBJ1-2*01	VDJdb
22.0	SSLRTSGTGEQF	16	TRB	TFEYVSQPFLMDLE	MHCII	CD4	SARS-CoV-2	TRBV11-1*01	TRBJ2-1*01	VDJdb
22.0	SSLSSGWPYGYT	16	TRB	TFEYVSQPFLMDLE	MHCII	CD4	SARS-CoV-2	TRBV5-5*01	TRBJ1-2*01	VDJdb
22.0	SSNRYGPYNEQF	16	TRB	TFEYVSQPFLMDLE	MHCII	CD4	SARS-CoV-2	TRBV28*01	TRBJ2-1*01	VDJdb
22.0	SSPARGQIYGYT	16	TRB	TFEYVSQPFLMDLE	MHCII	CD4	SARS-CoV-2	TRBV12-3*01	TRBJ1-2*01	VDJdb
22.0	SSPGQGSIYGYT	16	TRB	TFEYVSQPFLMDLE	MHCII	CD4	SARS-CoV-2	TRBV7-8*01	TRBJ1-2*01	VDJdb
22.0	SSPGQGSIYGYT	16	TRB	TFEYVSQPFLMDLE	MHCII	CD4	SARS-CoV-2	TRBV6-4*01	TRBJ1-2*01	VDJdb
22.0	SSPNGRSPETQY	16	TRB	TFEYVSQPFLMDLE	MHCII	CD4	SARS-CoV-2	TRBV9*01	TRBJ2-5*01	VDJdb
22.0	SSPQFGLAGELF	16	TRB	TFEYVSQPFLMDLE	MHCII	CD4	SARS-CoV-2	TRBV9*01	TRBJ2-2*01	VDJdb
22.0	SSPRDRGGLGYT	16	TRB	TFEYVSQPFLMDLE	MHCII	CD4	SARS-CoV-2	TRBV9*01	TRBJ1-2*01	VDJdb
22.0	SSPRDRGTDTQY	16	TRB	TFEYVSQPFLMDLE	MHCII	CD4	SARS-CoV-2	TRBV9*01	TRBJ2-3*01	VDJdb
22.0	SSPRGRGAETQY	16	TRB	TFEYVSQPFLMDLE	MHCII	CD4	SARS-CoV-2	TRBV7-2*01	TRBJ2-5*01	VDJdb
22.0	SSPRPGAYSGYT	16	TRB	TFEYVSQPFLMDLE	MHCII	CD4	SARS-CoV-2	TRBV27*01	TRBJ1-2*01	VDJdb
22.0	SSPRQGPLYGYT	16	TRB	TFEYVSQPFLMDLE	MHCII	CD4	SARS-CoV-2	TRBV3-1*01	TRBJ1-2*01	VDJdb
22.0	SSPRQGSLYGYT	16	TRB	TFEYVSQPFLMDLE	MHCII	CD4	SARS-CoV-2	TRBV27*01	TRBJ1-2*01	VDJdb
22.0	SSPRRDSPTGYT	16	TRB	TFEYVSQPFLMDLE	MHCII	CD4	SARS-CoV-2	TRBV7-2*01	TRBJ1-2*01	VDJdb
22.0	SSPRRGSLSGYT	16	TRB	TFEYVSQPFLMDLE	MHCII	CD4	SARS-CoV-2	TRBV6-5*01	TRBJ1-2*01	VDJdb
22.0	SSPRRTGLGEQY	16	TRB	TFEYVSQPFLMDLE	MHCII	CD4	SARS-CoV-2	TRBV18*01	TRBJ2-7*01	VDJdb
22.0	SSPRTGALNGYT	16	TRB	TFEYVSQPFLMDLE	MHCII	CD4	SARS-CoV-2	TRBV7-2*01	TRBJ1-2*01	VDJdb
22.0	SSPRTGTPHGYT	16	TRB	TFEYVSQPFLMDLE	MHCII	CD4	SARS-CoV-2	TRBV12-3*01	TRBJ1-2*01	VDJdb
22.0	SSPRTSGLGEQF	16	TRB	TFEYVSQPFLMDLE	MHCII	CD4	SARS-CoV-2	TRBV14*01	TRBJ2-1*01	VDJdb
22.0	SSPRTSGTGEQY	16	TRB	TFEYVSQPFLMDLE	MHCII	CD4	SARS-CoV-2	TRBV14*01	TRBJ2-7*01	VDJdb
22.0	SSPSGRAPDTQY	16	TRB	TFEYVSQPFLMDLE	MHCII	CD4	SARS-CoV-2	TRBV9*01	TRBJ2-3*01	VDJdb
22.0	SSPSTGTLYGYT	16	TRB	TFEYVSQPFLMDLE	MHCII	CD4	SARS-CoV-2	TRBV6-6*01	TRBJ1-2*01	VDJdb
22.0	SSQRARGQETQY	16	TRB	TFEYVSQPFLMDLE	MHCII	CD4	SARS-CoV-2	TRBV3-1*01	TRBJ2-5*01	VDJdb
22.0	SSQSRGPVYGYT	16	TRB	TFEYVSQPFLMDLE	MHCII	CD4	SARS-CoV-2	TRBV14*01	TRBJ1-2*01	VDJdb
22.0	SSRRGLNTGELF	16	TRB	TFEYVSQPFLMDLE	MHCII	CD4	SARS-CoV-2	TRBV6-5*01	TRBJ2-2*01	VDJdb
22.0	SSRTGGSINGYT	16	TRB	TFEYVSQPFLMDLE	MHCII	CD4	SARS-CoV-2	TRBV6-4*01	TRBJ1-2*01	VDJdb
22.0	SSSDRGQIYGYT	16	TRB	TFEYVSQPFLMDLE	MHCII	CD4	SARS-CoV-2	TRBV7-9*01	TRBJ1-2*01	VDJdb
22.0	SSSRAGGNSPLH	16	TRB	TFEYVSQPFLMDLE	MHCII	CD4	SARS-CoV-2	TRBV6-2*01	TRBJ1-6*01	VDJdb
22.0	SSSRDRGTYEQY	16	TRB	TFEYVSQPFLMDLE	MHCII	CD4	SARS-CoV-2	TRBV7-9*01	TRBJ2-7*01	VDJdb
22.0	SSSRGGEMGGYT	16	TRB	TFEYVSQPFLMDLE	MHCII	CD4	SARS-CoV-2	TRBV6-6*01	TRBJ1-2*01	VDJdb
22.0	SSSRGTGTHGYT	16	TRB	TFEYVSQPFLMDLE	MHCII	CD4	SARS-CoV-2	TRBV14*01	TRBJ1-2*01	VDJdb
22.0	SSSRQGMLGGYT	16	TRB	TFEYVSQPFLMDLE	MHCII	CD4	SARS-CoV-2	TRBV6-6*01	TRBJ1-2*01	VDJdb
22.0	SSSRREVVYGYT	16	TRB	TFEYVSQPFLMDLE	MHCII	CD4	SARS-CoV-2	TRBV14*01	TRBJ1-2*01	VDJdb
22.0	SSSRSGSLYGYT	16	TRB	TFEYVSQPFLMDLE	MHCII	CD4	SARS-CoV-2	TRBV10-2*01	TRBJ1-2*01	VDJdb
22.0	SSSSPGRIYGYT	16	TRB	TFEYVSQPFLMDLE	MHCII	CD4	SARS-CoV-2	TRBV6-2*01	TRBJ1-2*01	VDJdb
22.0	SSSSQGSLYGYT	16	TRB	TFEYVSQPFLMDLE	MHCII	CD4	SARS-CoV-2	TRBV11-2*01	TRBJ1-2*01	VDJdb
22.0	SSSSRQTVYGYT	16	TRB	TFEYVSQPFLMDLE	MHCII	CD4	SARS-CoV-2	TRBV7-9*01	TRBJ1-2*01	VDJdb
22.0	SSSTTGDLRGYT	16	TRB	TFEYVSQPFLMDLE	MHCII	CD4	SARS-CoV-2	TRBV6-6*01	TRBJ1-2*01	VDJdb
22.0	SSSYRGAYNEQF	16	TRB	TFEYVSQPFLMDLE	MHCII	CD4	SARS-CoV-2	TRBV19*01	TRBJ2-1*01	VDJdb
22.0	SSTGQGSVWGYT	16	TRB	TFEYVSQPFLMDLE	MHCII	CD4	SARS-CoV-2	TRBV6-4*01	TRBJ1-2*01	VDJdb
22.0	SSTRAGRLDGYT	16	TRB	TFEYVSQPFLMDLE	MHCII	CD4	SARS-CoV-2	TRBV6-6*01	TRBJ1-2*01	VDJdb
22.0	SSTRGAPLNGYT	16	TRB	TFEYVSQPFLMDLE	MHCII	CD4	SARS-CoV-2	TRBV6-6*01	TRBJ1-2*01	VDJdb
22.0	SSTRQANTGELF	16	TRB	TFEYVSQPFLMDLE	MHCII	CD4	SARS-CoV-2	TRBV5-4*01	TRBJ2-2*01	VDJdb
22.0	SSTRTGALNGYT	16	TRB	TFEYVSQPFLMDLE	MHCII	CD4	SARS-CoV-2	TRBV28*01	TRBJ1-2*01	VDJdb
22.0	SSVAVDRGYGYT	16	TRB	TFEYVSQPFLMDLE	MHCII	CD4	SARS-CoV-2	TRBV9*01	TRBJ1-2*01	VDJdb
22.0	SSVDRGSLRGYT	16	TRB	TFEYVSQPFLMDLE	MHCII	CD4	SARS-CoV-2	TRBV10-1*01	TRBJ1-2*01	VDJdb
22.0	SSVRGRSGNTIY	16	TRB	TFEYVSQPFLMDLE	MHCII	CD4	SARS-CoV-2	TRBV9*01	TRBJ1-3*01	VDJdb
22.0	SSVRQSNTGELF	16	TRB	TFEYVSQPFLMDLE	MHCII	CD4	SARS-CoV-2	TRBV6-1*01	TRBJ2-2*01	VDJdb
22.0	SSVRTGGLYGYT	16	TRB	TFEYVSQPFLMDLE	MHCII	CD4	SARS-CoV-2	TRBV14*01	TRBJ1-2*01	VDJdb
22.0	SSWGPGSLYGYT	16	TRB	TFEYVSQPFLMDLE	MHCII	CD4	SARS-CoV-2	TRBV6-2*01	TRBJ1-2*01	VDJdb
22.0	SSYEGIRTGELF	16	TRB	TFEYVSQPFLMDLE	MHCII	CD4	SARS-CoV-2	TRBV6-5*01	TRBJ2-2*01	VDJdb
22.0	SSYGGGPLRGYT	16	TRB	TFEYVSQPFLMDLE	MHCII	CD4	SARS-CoV-2	TRBV6-2*01	TRBJ1-2*01	VDJdb
22.0	SSYGRVRTGELF	16	TRB	TFEYVSQPFLMDLE	MHCII	CD4	SARS-CoV-2	TRBV6-5*01	TRBJ2-2*01	VDJdb
22.0	SSYRGAPVHGYT	16	TRB	TFEYVSQPFLMDLE	MHCII	CD4	SARS-CoV-2	TRBV6-2*01	TRBJ1-2*01	VDJdb
22.0	SSYRGARTGELF	16	TRB	TFEYVSQPFLMDLE	MHCII	CD4	SARS-CoV-2	TRBV6-5*01	TRBJ2-2*01	VDJdb
22.0	SSYRGDGLYGYT	16	TRB	TFEYVSQPFLMDLE	MHCII	CD4	SARS-CoV-2	TRBV6-2*01	TRBJ1-2*01	VDJdb
22.0	SSYRGGGTGELF	16	TRB	TFEYVSQPFLMDLE	MHCII	CD4	SARS-CoV-2	TRBV6-2*01	TRBJ2-2*01	VDJdb
22.0	SSYRGQGLSGYT	16	TRB	TFEYVSQPFLMDLE	MHCII	CD4	SARS-CoV-2	TRBV6-2*01	TRBJ1-2*01	VDJdb
22.0	SSYRGTGIYGYT	16	TRB	TFEYVSQPFLMDLE	MHCII	CD4	SARS-CoV-2	TRBV6-2*01	TRBJ1-2*01	VDJdb
22.0	SSYRNSGGYGYT	16	TRB	TFEYVSQPFLMDLE	MHCII	CD4	SARS-CoV-2	TRBV6-2*01	TRBJ1-2*01	VDJdb
22.0	SSYRQGAIYGYT	16	TRB	TFEYVSQPFLMDLE	MHCII	CD4	SARS-CoV-2	TRBV6-5*01	TRBJ1-2*01	VDJdb
22.0	SSYRQGAMNGYT	16	TRB	TFEYVSQPFLMDLE	MHCII	CD4	SARS-CoV-2	TRBV27*01	TRBJ1-2*01	VDJdb
22.0	SSYRQGSLHGYT	16	TRB	TFEYVSQPFLMDLE	MHCII	CD4	SARS-CoV-2	TRBV6-5*01	TRBJ1-2*01	VDJdb
22.0	SSYSAGVIYGYT	16	TRB	TFEYVSQPFLMDLE	MHCII	CD4	SARS-CoV-2	TRBV6-2*01	TRBJ1-2*01	VDJdb
22.0	SSYSEGGLRGYT	16	TRB	TFEYVSQPFLMDLE	MHCII	CD4	SARS-CoV-2	TRBV6-6*01	TRBJ1-2*01	VDJdb
22.0	SSYSKSALAGYT	16	TRB	TFEYVSQPFLMDLE	MHCII	CD4	SARS-CoV-2	TRBV6-6*01	TRBJ1-2*01	VDJdb
22.0	SSYSKSALRGYT	16	TRB	TFEYVSQPFLMDLE	MHCII	CD4	SARS-CoV-2	TRBV6-2*01	TRBJ1-2*01	VDJdb
22.0	SSYSPGQLYGYT	16	TRB	TFEYVSQPFLMDLE	MHCII	CD4	SARS-CoV-2	TRBV6-6*01	TRBJ1-2*01	VDJdb
22.0	SSYSPGQLYGYT	16	TRB	TFEYVSQPFLMDLE	MHCII	CD4	SARS-CoV-2	TRBV6-2*01	TRBJ1-2*01	VDJdb
22.0	SSYSPGSVYGYT	16	TRB	TFEYVSQPFLMDLE	MHCII	CD4	SARS-CoV-2	TRBV6-2*01	TRBJ1-2*01	VDJdb
22.0	SSYSQGSLYGYT	16	TRB	TFEYVSQPFLMDLE	MHCII	CD4	SARS-CoV-2	TRBV6-5*01	TRBJ1-2*01	VDJdb
22.0	SSYSRGNLGGYT	16	TRB	TFEYVSQPFLMDLE	MHCII	CD4	SARS-CoV-2	TRBV6-6*01	TRBJ1-2*01	VDJdb
22.0	SSYSRGTVYGYT	16	TRB	TFEYVSQPFLMDLE	MHCII	CD4	SARS-CoV-2	TRBV6-2*01	TRBJ1-2*01	VDJdb
22.0	SSYSRISNYGYT	16	TRB	TFEYVSQPFLMDLE	MHCII	CD4	SARS-CoV-2	TRBV6-5*01	TRBJ1-2*01	VDJdb
22.0	SSYSSGSLSGYT	16	TRB	TFEYVSQPFLMDLE	MHCII	CD4	SARS-CoV-2	TRBV6-6*01	TRBJ1-2*01	VDJdb
22.0	SSYTRDGLVGQY	16	TRB	TFEYVSQPFLMDLE	MHCII	CD4	SARS-CoV-2	TRBV6-2*01	TRBJ2-7*01	VDJdb
22.0	SSYTSGSLSGLF	16	TRB	TFEYVSQPFLMDLE	MHCII	CD4	SARS-CoV-2	TRBV6-2*01	TRBJ1-4*01	VDJdb
22.0	STPGRQGARGYT	16	TRB	TFEYVSQPFLMDLE	MHCII	CD4	SARS-CoV-2	TRBV28*01	TRBJ1-2*01	VDJdb
22.0	STQRDRDTGELF	16	TRB	TFEYVSQPFLMDLE	MHCII	CD4	SARS-CoV-2	TRBV19*01	TRBJ2-2*01	VDJdb
22.0	STTRRGNTGELF	16	TRB	TFEYVSQPFLMDLE	MHCII	CD4	SARS-CoV-2	TRBV6-1*01	TRBJ2-2*01	VDJdb
22.0	TKPTELNTGELF	16	TRB	TFEYVSQPFLMDLE	MHCII	CD4	SARS-CoV-2	TRBV11-3*01	TRBJ2-2*01	VDJdb
22.0	WKSRRQNLYGYT	16	TRB	TFEYVSQPFLMDLE	MHCII	CD4	SARS-CoV-2	TRBV30*01	TRBJ1-2*01	VDJdb
22.0	WSGRAGGLDGYT	16	TRB	TFEYVSQPFLMDLE	MHCII	CD4	SARS-CoV-2	TRBV30*01	TRBJ1-2*01	VDJdb
25.0	SNLRRAPNTGELF	17	TRB	TFEYVSQPFLMDLE	MHCII	CD4	SARS-CoV-2	TRBV6-5*01	TRBJ2-2*01	VDJdb
25.0	SSARDRANTGELF	17	TRB	TFEYVSQPFLMDLE	MHCII	CD4	SARS-CoV-2	TRBV9*01	TRBJ2-2*01	VDJdb
25.0	SSARESPNTGELF	17	TRB	TFEYVSQPFLMDLE	MHCII	CD4	SARS-CoV-2	TRBV9*01	TRBJ2-2*01	VDJdb
25.0	SSARGRVNTGELF	17	TRB	TFEYVSQPFLMDLE	MHCII	CD4	SARS-CoV-2	TRBV6-1*01	TRBJ2-2*01	VDJdb
25.0	SSARLAGATGELF	17	TRB	TFEYVSQPFLMDLE	MHCII	CD4	SARS-CoV-2	TRBV9*01	TRBJ2-2*01	VDJdb
25.0	SSARLTVNTGELF	17	TRB	TFEYVSQPFLMDLE	MHCII	CD4	SARS-CoV-2	TRBV9*01	TRBJ2-2*01	VDJdb
25.0	SSARQGADLSGYT	17	TRB	TFEYVSQPFLMDLE	MHCII	CD4	SARS-CoV-2	TRBV6-1*01	TRBJ1-2*01	VDJdb
25.0	SSDSYPPRTGELF	17	TRB	TFEYVSQPFLMDLE	MHCII	CD4	SARS-CoV-2	TRBV6-4*01	TRBJ2-2*01	VDJdb
25.0	SSERDRVNTGELF	17	TRB	TFEYVSQPFLMDLE	MHCII	CD4	SARS-CoV-2	TRBV9*01	TRBJ2-2*01	VDJdb
25.0	SSFRGPPGTGELF	17	TRB	TFEYVSQPFLMDLE	MHCII	CD4	SARS-CoV-2	TRBV6-4*01	TRBJ2-2*01	VDJdb
25.0	SSHRDRPNTGELF	17	TRB	TFEYVSQPFLMDLE	MHCII	CD4	SARS-CoV-2	TRBV9*01	TRBJ2-2*01	VDJdb
25.0	SSHRSGGSNYGYT	17	TRB	TFEYVSQPFLMDLE	MHCII	CD4	SARS-CoV-2	TRBV14*01	TRBJ1-2*01	VDJdb
25.0	SSKNRDSLPYGYT	17	TRB	TFEYVSQPFLMDLE	MHCII	CD4	SARS-CoV-2	TRBV7-2*01	TRBJ1-2*01	VDJdb
25.0	SSLARNANTGELF	17	TRB	TFEYVSQPFLMDLE	MHCII	CD4	SARS-CoV-2	TRBV5-5*01	TRBJ2-2*01	VDJdb
25.0	SSLARVGNVYGYT	17	TRB	TFEYVSQPFLMDLE	MHCII	CD4	SARS-CoV-2	TRBV5-5*01	TRBJ1-2*01	VDJdb
25.0	SSLKLFTGVNEQF	17	TRB	TFEYVSQPFLMDLE	MHCII	CD4	SARS-CoV-2	TRBV14*01	TRBJ2-1*01	VDJdb
25.0	SSLNRAGDTGELF	17	TRB	TFEYVSQPFLMDLE	MHCII	CD4	SARS-CoV-2	TRBV5-5*01	TRBJ2-2*01	VDJdb
25.0	SSLRAGAPTGELF	17	TRB	TFEYVSQPFLMDLE	MHCII	CD4	SARS-CoV-2	TRBV7-2*01	TRBJ2-2*01	VDJdb
25.0	SSLRDRLNTGELF	17	TRB	TFEYVSQPFLMDLE	MHCII	CD4	SARS-CoV-2	TRBV9*01	TRBJ2-2*01	VDJdb
25.0	SSLRLRPNTGELF	17	TRB	TFEYVSQPFLMDLE	MHCII	CD4	SARS-CoV-2	TRBV7-3*01	TRBJ2-2*01	VDJdb
25.0	SSLRQRANTGELF	17	TRB	TFEYVSQPFLMDLE	MHCII	CD4	SARS-CoV-2	TRBV11-2*01	TRBJ2-2*01	VDJdb
25.0	SSLRTRLNTGELF	17	TRB	TFEYVSQPFLMDLE	MHCII	CD4	SARS-CoV-2	TRBV9*01	TRBJ2-2*01	VDJdb
25.0	SSNRQRNSLYGYT	17	TRB	TFEYVSQPFLMDLE	MHCII	CD4	SARS-CoV-2	TRBV7-2*01	TRBJ1-2*01	VDJdb
25.0	SSPARRANTGELF	17	TRB	TFEYVSQPFLMDLE	MHCII	CD4	SARS-CoV-2	TRBV27*01	TRBJ2-2*01	VDJdb
25.0	SSPARTANTGELF	17	TRB	TFEYVSQPFLMDLE	MHCII	CD4	SARS-CoV-2	TRBV5-5*01	TRBJ2-2*01	VDJdb
25.0	SSPDRFNGLNTIY	17	TRB	TFEYVSQPFLMDLE	MHCII	CD4	SARS-CoV-2	TRBV18*01	TRBJ1-3*01	VDJdb
25.0	SSPLRSTGRNGYT	17	TRB	TFEYVSQPFLMDLE	MHCII	CD4	SARS-CoV-2	TRBV19*01	TRBJ1-2*01	VDJdb
25.0	SSPRDRANTGELF	17	TRB	TFEYVSQPFLMDLE	MHCII	CD4	SARS-CoV-2	TRBV9*01	TRBJ2-2*01	VDJdb
25.0	SSPRDRLNTGELF	17	TRB	TFEYVSQPFLMDLE	MHCII	CD4	SARS-CoV-2	TRBV9*01	TRBJ2-2*01	VDJdb
25.0	SSPRDRVNTGELF	17	TRB	TFEYVSQPFLMDLE	MHCII	CD4	SARS-CoV-2	TRBV7-2*01	TRBJ2-2*01	VDJdb
25.0	SSPRFPPGTGELF	17	TRB	TFEYVSQPFLMDLE	MHCII	CD4	SARS-CoV-2	TRBV7-2*01	TRBJ2-2*01	VDJdb
25.0	SSPRGLAPGETQY	17	TRB	TFEYVSQPFLMDLE	MHCII	CD4	SARS-CoV-2	TRBV9*01	TRBJ2-5*01	VDJdb
25.0	SSPRGPPNTGELF	17	TRB	TFEYVSQPFLMDLE	MHCII	CD4	SARS-CoV-2	TRBV27*01	TRBJ2-2*01	VDJdb
25.0	SSPRGQGASGELF	17	TRB	TFEYVSQPFLMDLE	MHCII	CD4	SARS-CoV-2	TRBV5-1*01	TRBJ2-2*01	VDJdb
25.0	SSPRGQGNTGELF	17	TRB	TFEYVSQPFLMDLE	MHCII	CD4	SARS-CoV-2	TRBV5-1*01	TRBJ2-2*01	VDJdb
25.0	SSPRGRLNTGELF	17	TRB	TFEYVSQPFLMDLE	MHCII	CD4	SARS-CoV-2	TRBV9*01	TRBJ2-2*01	VDJdb
25.0	SSPRLAGATGELF	17	TRB	TFEYVSQPFLMDLE	MHCII	CD4	SARS-CoV-2	TRBV12-3*01	TRBJ2-2*01	VDJdb
25.0	SSPRLAGSTGELF	17	TRB	TFEYVSQPFLMDLE	MHCII	CD4	SARS-CoV-2	TRBV9*01	TRBJ2-2*01	VDJdb
25.0	SSPRLPLATGELF	17	TRB	TFEYVSQPFLMDLE	MHCII	CD4	SARS-CoV-2	TRBV27*01	TRBJ2-2*01	VDJdb
25.0	SSPRPGQGWSPLH	17	TRB	TFEYVSQPFLMDLE	MHCII	CD4	SARS-CoV-2	TRBV28*01	TRBJ1-6*01	VDJdb
25.0	SSPRPVTGLAEAF	17	TRB	TFEYVSQPFLMDLE	MHCII	CD4	SARS-CoV-2	TRBV4-1*01	TRBJ1-1*01	VDJdb
25.0	SSPRQGANTGELF	17	TRB	TFEYVSQPFLMDLE	MHCII	CD4	SARS-CoV-2	TRBV9*01	TRBJ2-2*01	VDJdb
25.0	SSPRSSANTGELF	17	TRB	TFEYVSQPFLMDLE	MHCII	CD4	SARS-CoV-2	TRBV9*01	TRBJ2-2*01	VDJdb
25.0	SSPRTSANTGELF	17	TRB	TFEYVSQPFLMDLE	MHCII	CD4	SARS-CoV-2	TRBV9*01	TRBJ2-2*01	VDJdb
25.0	SSQIRGATNEKLF	17	TRB	TFEYVSQPFLMDLE	MHCII	CD4	SARS-CoV-2	TRBV7-9*01	TRBJ1-4*01	VDJdb
25.0	SSRRGGIWSYEQY	17	TRB	TFEYVSQPFLMDLE	MHCII	CD4	SARS-CoV-2	TRBV6-1*01	TRBJ2-7*01	VDJdb
25.0	SSRRSGVNTGELF	17	TRB	TFEYVSQPFLMDLE	MHCII	CD4	SARS-CoV-2	TRBV6-5*01	TRBJ2-2*01	VDJdb
25.0	SSRRSLANTGELF	17	TRB	TFEYVSQPFLMDLE	MHCII	CD4	SARS-CoV-2	TRBV7-2*01	TRBJ2-2*01	VDJdb
25.0	SSSRGPPNTGELF	17	TRB	TFEYVSQPFLMDLE	MHCII	CD4	SARS-CoV-2	TRBV6-5*01	TRBJ2-2*01	VDJdb
25.0	SSSSRAANTGELF	17	TRB	TFEYVSQPFLMDLE	MHCII	CD4	SARS-CoV-2	TRBV27*01	TRBJ2-2*01	VDJdb
25.0	SSTNPGTASWGYT	17	TRB	TFEYVSQPFLMDLE	MHCII	CD4	SARS-CoV-2	TRBV11-2*01	TRBJ1-2*01	VDJdb
25.0	SSVQRIPNTGELF	17	TRB	TFEYVSQPFLMDLE	MHCII	CD4	SARS-CoV-2	TRBV9*01	TRBJ2-2*01	VDJdb
25.0	SSVRDRANTGELF	17	TRB	TFEYVSQPFLMDLE	MHCII	CD4	SARS-CoV-2	TRBV9*01	TRBJ2-2*01	VDJdb
25.0	SSVRDRVNTGELF	17	TRB	TFEYVSQPFLMDLE	MHCII	CD4	SARS-CoV-2	TRBV9*01	TRBJ2-2*01	VDJdb
25.0	SSVRERAGANVLT	17	TRB	TFEYVSQPFLMDLE	MHCII	CD4	SARS-CoV-2	TRBV9*01	TRBJ2-6*01	VDJdb
25.0	SSVRGLANTGELF	17	TRB	TFEYVSQPFLMDLE	MHCII	CD4	SARS-CoV-2	TRBV9*01	TRBJ2-2*01	VDJdb
25.0	SSYARRANTGELF	17	TRB	TFEYVSQPFLMDLE	MHCII	CD4	SARS-CoV-2	TRBV27*01	TRBJ2-2*01	VDJdb
25.0	SSYKRRPNTGELF	17	TRB	TFEYVSQPFLMDLE	MHCII	CD4	SARS-CoV-2	TRBV6-5*01	TRBJ2-2*01	VDJdb
25.0	SSYRAPSNTGELF	17	TRB	TFEYVSQPFLMDLE	MHCII	CD4	SARS-CoV-2	TRBV7-2*01	TRBJ2-2*01	VDJdb
25.0	SSYRARVNTGELF	17	TRB	TFEYVSQPFLMDLE	MHCII	CD4	SARS-CoV-2	TRBV6-5*01	TRBJ2-2*01	VDJdb
25.0	SSYRGDPANYGYT	17	TRB	TFEYVSQPFLMDLE	MHCII	CD4	SARS-CoV-2	TRBV6-6*01	TRBJ1-2*01	VDJdb
25.0	STLRGRANTGELF	17	TRB	TFEYVSQPFLMDLE	MHCII	CD4	SARS-CoV-2	TRBV6-5*01	TRBJ2-2*01	VDJdb
25.0	STLRRTVGTGELF	17	TRB	TFEYVSQPFLMDLE	MHCII	CD4	SARS-CoV-2	TRBV6-1*01	TRBJ2-2*01	VDJdb
25.0	STRGALTNTGELF	17	TRB	TFEYVSQPFLMDLE	MHCII	CD4	SARS-CoV-2	TRBV9*01	TRBJ2-2*01	VDJdb
25.0	STRPLSDSLGEQY	17	TRB	TFEYVSQPFLMDLE	MHCII	CD4	SARS-CoV-2	TRBV6-6*01	TRBJ2-7*01	VDJdb
28.0	SKRWTSGVGTDTQY	18	TRB	TFEYVSQPFLMDLE	MHCII	CD4	SARS-CoV-2	TRBV2*01	TRBJ2-3*01	VDJdb
28.0	SQRWTSGRGTDTQY	18	TRB	TFEYVSQPFLMDLE	MHCII	CD4	SARS-CoV-2	TRBV2*01	TRBJ2-3*01	VDJdb
28.0	SRRWTSGKGTDTQY	18	TRB	TFEYVSQPFLMDLE	MHCII	CD4	SARS-CoV-2	TRBV2*01	TRBJ2-3*01	VDJdb
28.0	SSFGRRATNTGELF	18	TRB	TFEYVSQPFLMDLE	MHCII	CD4	SARS-CoV-2	TRBV7-2*01	TRBJ2-2*01	VDJdb
28.0	SSFNRRGLENYGYT	18	TRB	TFEYVSQPFLMDLE	MHCII	CD4	SARS-CoV-2	TRBV5-4*01	TRBJ1-2*01	VDJdb
28.0	SSFRTSGDGTDTQY	18	TRB	TFEYVSQPFLMDLE	MHCII	CD4	SARS-CoV-2	TRBV7-2*01	TRBJ2-3*01	VDJdb
28.0	SSLGDRGQLGYGYT	18	TRB	TFEYVSQPFLMDLE	MHCII	CD4	SARS-CoV-2	TRBV5-5*01	TRBJ1-2*01	VDJdb
28.0	SSLTRGAGSIGELF	18	TRB	TFEYVSQPFLMDLE	MHCII	CD4	SARS-CoV-2	TRBV7-3*01	TRBJ2-2*01	VDJdb
28.0	SSLTRGTASLYGYT	18	TRB	TFEYVSQPFLMDLE	MHCII	CD4	SARS-CoV-2	TRBV27*01	TRBJ1-2*01	VDJdb
28.0	SSPRLAGGPFGELF	18	TRB	TFEYVSQPFLMDLE	MHCII	CD4	SARS-CoV-2	TRBV5-1*01	TRBJ2-2*01	VDJdb
28.0	SSPRQASFGANVLT	18	TRB	TFEYVSQPFLMDLE	MHCII	CD4	SARS-CoV-2	TRBV4-1*01	TRBJ2-6*01	VDJdb
28.0	SSPSGGPTLRYGYT	18	TRB	TFEYVSQPFLMDLE	MHCII	CD4	SARS-CoV-2	TRBV9*01	TRBJ1-2*01	VDJdb
28.0	SSPWLAGSSTDTQY	18	TRB	TFEYVSQPFLMDLE	MHCII	CD4	SARS-CoV-2	TRBV7-2*01	TRBJ2-3*01	VDJdb
28.0	SSQRRPGGDPYGYT	18	TRB	TFEYVSQPFLMDLE	MHCII	CD4	SARS-CoV-2	TRBV14*01	TRBJ1-2*01	VDJdb
28.0	SSRGRGGPNTGELF	18	TRB	TFEYVSQPFLMDLE	MHCII	CD4	SARS-CoV-2	TRBV27*01	TRBJ2-2*01	VDJdb
28.0	SSRWTSGERTDTQY	18	TRB	TFEYVSQPFLMDLE	MHCII	CD4	SARS-CoV-2	TRBV2*01	TRBJ2-3*01	VDJdb
28.0	SSRWTSGGETNIQY	18	TRB	TFEYVSQPFLMDLE	MHCII	CD4	SARS-CoV-2	TRBV2*01	TRBJ2-4*01	VDJdb
28.0	SSSKPTGYSNQPQH	18	TRB	TFEYVSQPFLMDLE	MHCII	CD4	SARS-CoV-2	TRBV5-6*01	TRBJ1-5*01	VDJdb
28.0	SSVVRGQYYNSPLH	18	TRB	TFEYVSQPFLMDLE	MHCII	CD4	SARS-CoV-2	TRBV6-5*01	TRBJ1-6*01	VDJdb
28.0	SSWGRRGPNTGELF	18	TRB	TFEYVSQPFLMDLE	MHCII	CD4	SARS-CoV-2	TRBV27*01	TRBJ2-2*01	VDJdb
28.0	SSWRQGGSIRESYT	18	TRB	TFEYVSQPFLMDLE	MHCII	CD4	SARS-CoV-2	TRBV5-5*01	TRBJ1-2*01	VDJdb
28.0	SSYSRGPPNTGELF	18	TRB	TFEYVSQPFLMDLE	MHCII	CD4	SARS-CoV-2	TRBV6-5*01	TRBJ2-2*01	VDJdb
28.0	STNRPGQGANYGYT	18	TRB	TFEYVSQPFLMDLE	MHCII	CD4	SARS-CoV-2	TRBV19*01	TRBJ1-2*01	VDJdb
29.0	SGSGSVAGPNTGELF	19	TRB	TFEYVSQPFLMDLE	MHCII	CD4	SARS-CoV-2	TRBV6-5*01	TRBJ2-2*01	VDJdb
29.0	SSEGRLAGPNTGELF	19	TRB	TFEYVSQPFLMDLE	MHCII	CD4	SARS-CoV-2	TRBV10-1*01	TRBJ2-2*01	VDJdb
29.0	SSFSRTGYFSGNTIY	19	TRB	TFEYVSQPFLMDLE	MHCII	CD4	SARS-CoV-2	TRBV12-3*01	TRBJ1-3*01	VDJdb
29.0	SSLRTGQGVRTDTQY	19	TRB	TFEYVSQPFLMDLE	MHCII	CD4	SARS-CoV-2	TRBV11-2*01	TRBJ2-3*01	VDJdb
29.0	SSMVRDRGIRYTEAF	19	TRB	TFEYVSQPFLMDLE	MHCII	CD4	SARS-CoV-2	TRBV18*01	TRBJ1-1*01	VDJdb
29.0	SSPRKNTGTGGNGYT	19	TRB	TFEYVSQPFLMDLE	MHCII	CD4	SARS-CoV-2	TRBV18*01	TRBJ1-2*01	VDJdb
29.0	SSSRRTGFGVNQPQH	19	TRB	TFEYVSQPFLMDLE	MHCII	CD4	SARS-CoV-2	TRBV6-6*01	TRBJ1-5*01	VDJdb
29.0	SSYASGGRPNTGELF	19	TRB	TFEYVSQPFLMDLE	MHCII	CD4	SARS-CoV-2	TRBV6-5*01	TRBJ2-2*01	VDJdb
29.0	SSYSRQQGPITGELF	19	TRB	TFEYVSQPFLMDLE	MHCII	CD4	SARS-CoV-2	TRBV6-5*01	TRBJ2-2*01	VDJdb
29.0	SSYSVAGGPNTGELF	19	TRB	TFEYVSQPFLMDLE	MHCII	CD4	SARS-CoV-2	TRBV6-5*01	TRBJ2-2*01	VDJdb
29.0	STQRSGSWVSTDTQY	19	TRB	TFEYVSQPFLMDLE	MHCII	CD4	SARS-CoV-2	TRBV6-1*01	TRBJ2-3*01	VDJdb
29.0	WARRAGRASPTYGYT	19	TRB	TFEYVSQPFLMDLE	MHCII	CD4	SARS-CoV-2	TRBV30*01	TRBJ1-2*01	VDJdb
30.0	SSARQGIGLGTNEKLF	20	TRB	TFEYVSQPFLMDLE	MHCII	CD4	SARS-CoV-2	TRBV6-6*01	TRBJ1-4*01	VDJdb
30.0	SSPRDRVASVSGNTIY	20	TRB	TFEYVSQPFLMDLE	MHCII	CD4	SARS-CoV-2	TRBV9*01	TRBJ1-3*01	VDJdb
30.0	SSQVRGRQFFTNEKLF	20	TRB	TFEYVSQPFLMDLE	MHCII	CD4	SARS-CoV-2	TRBV4-1*01	TRBJ1-4*01	VDJdb
30.0	SSYSRTSGGPNTGELF	20	TRB	TFEYVSQPFLMDLE	MHCII	CD4	SARS-CoV-2	TRBV6-5*01	TRBJ2-2*01	VDJdb
33.0	ATDRGNMLT	13	TRA	VGGNYNYLYRLFRKS	MHCII	CD4	SARS-CoV-2	TRAV17*01	TRAJ39*01	VDJdb
33.0	AVRDGQNFV	13	TRA	VGGNYNYLYRLFRKS	MHCII	CD4	SARS-CoV-2	TRAV3*01	TRAJ26*01	VDJdb
31.0	AAREDSSYKLI	15	TRA	VGGNYNYLYRLFRKS	MHCII	CD4	SARS-CoV-2	TRAV13-1*01	TRAJ12*01	VDJdb
31.0	ALPNTGFQKLV	15	TRA	VGGNYNYLYRLFRKS	MHCII	CD4	SARS-CoV-2	TRAV6*01	TRAJ8*01	VDJdb
31.0	AVGYSSASKII	15	TRA	VGGNYNYLYRLFRKS	MHCII	CD4	SARS-CoV-2	TRAV2*01	TRAJ3*01	VDJdb
31.0	AVMNTGFQKLV	15	TRA	VGGNYNYLYRLFRKS	MHCII	CD4	SARS-CoV-2	TRAV2*01	TRAJ8*01	VDJdb
32.0	AAALNTNAGKST	16	TRA	VGGNYNYLYRLFRKS	MHCII	CD4	SARS-CoV-2	TRAV13-1*01	TRAJ27*01	VDJdb
32.0	AVSEISGTYKYI	16	TRA	VGGNYNYLYRLFRKS	MHCII	CD4	SARS-CoV-2	TRAV8-4*01	TRAJ40*01	VDJdb
32.0	AVSLKDSSYKLI	16	TRA	VGGNYNYLYRLFRKS	MHCII	CD4	SARS-CoV-2	TRAV8-4*01	TRAJ12*01	VDJdb
