TRBV_gene,CDR3_beta,TRBJ_gene,HLA_peptide,Epitope species,Reference,Source
TRBV27,CASSPNGDRVFDQPQHF,TRBJ1-5,EIYKRWII,HIV-1,"Costa, A. I., Koning, D., Ladell, K., McLaren, J. E., Grady, B. P., Schellens, I. M., ... & van Baarle, D. (2015). Complex T-Cell Receptor Repertoire Dynamics Underlie the CD8+ T-Cell Response to HIV-1. Journal of virology, 89(1), 110-119.",MHC-peptide-TCR.xlsx.
TRBV9,CASSVVGDGRETQYF,TRBJ2-5,EIYKRWII,HIV-1,"Costa, A. I., Koning, D., Ladell, K., McLaren, J. E., Grady, B. P., Schellens, I. M., ... & van Baarle, D. (2015). Complex T-Cell Receptor Repertoire Dynamics Underlie the CD8+ T-Cell Response to HIV-1. Journal of virology, 89(1), 110-119.",MHC-peptide-TCR.xlsx.
TRBV9,CASSEGQGTTYEQYF,TRBJ2-5,EIYKRWII,HIV-1,"Costa, A. I., Koning, D., Ladell, K., McLaren, J. E., Grady, B. P., Schellens, I. M., ... & van Baarle, D. (2015). Complex T-Cell Receptor Repertoire Dynamics Underlie the CD8+ T-Cell Response to HIV-1. Journal of virology, 89(1), 110-119.",MHC-peptide-TCR.xlsx.
TRBV2,CASSEAATGRGNQPQHF,TRBJ1-5,EIYKRWII,HIV-1,"Costa, A. I., Koning, D., Ladell, K., McLaren, J. E., Grady, B. P., Schellens, I. M., ... & van Baarle, D. (2015). Complex T-Cell Receptor Repertoire Dynamics Underlie the CD8+ T-Cell Response to HIV-1. Journal of virology, 89(1), 110-119.",MHC-peptide-TCR.xlsx.
TRBV9,CASSVLHGRQETQYF,TRBJ2-5,EIYKRWII,HIV-1,"Costa, A. I., Koning, D., Ladell, K., McLaren, J. E., Grady, B. P., Schellens, I. M., ... & van Baarle, D. (2015). Complex T-Cell Receptor Repertoire Dynamics Underlie the CD8+ T-Cell Response to HIV-1. Journal of virology, 89(1), 110-119.",MHC-peptide-TCR.xlsx.
TRBV2,CASSPPMGRAEGYTF,TRBJ1-2,EIYKRWII,HIV-1,"Costa, A. I., Koning, D., Ladell, K., McLaren, J. E., Grady, B. P., Schellens, I. M., ... & van Baarle, D. (2015). Complex T-Cell Receptor Repertoire Dynamics Underlie the CD8+ T-Cell Response to HIV-1. Journal of virology, 89(1), 110-119.",MHC-peptide-TCR.xlsx.
TRBV7-9,CASSFLRLAGGRDEQFF,TRBJ2-1,EIYKRWII,HIV-1,"Costa, A. I., Koning, D., Ladell, K., McLaren, J. E., Grady, B. P., Schellens, I. M., ... & van Baarle, D. (2015). Complex T-Cell Receptor Repertoire Dynamics Underlie the CD8+ T-Cell Response to HIV-1. Journal of virology, 89(1), 110-119.",MHC-peptide-TCR.xlsx.
TRBV2,CASSENSLGRGLVKTQYF,TRBJ2-5,EIYKRWII,HIV-1,"Costa, A. I., Koning, D., Ladell, K., McLaren, J. E., Grady, B. P., Schellens, I. M., ... & van Baarle, D. (2015). Complex T-Cell Receptor Repertoire Dynamics Underlie the CD8+ T-Cell Response to HIV-1. Journal of virology, 89(1), 110-119.",MHC-peptide-TCR.xlsx.
TRBV7-8,CASSLLDGTRETQYF,TRBJ2-5,EIYKRWII,HIV-1,"Costa, A. I., Koning, D., Ladell, K., McLaren, J. E., Grady, B. P., Schellens, I. M., ... & van Baarle, D. (2015). Complex T-Cell Receptor Repertoire Dynamics Underlie the CD8+ T-Cell Response to HIV-1. Journal of virology, 89(1), 110-119.",MHC-peptide-TCR.xlsx.
TRBV9,CASSVAGDDRETQYF,TRBJ2-5,EIYKRWII,HIV-1,"Costa, A. I., Koning, D., Ladell, K., McLaren, J. E., Grady, B. P., Schellens, I. M., ... & van Baarle, D. (2015). Complex T-Cell Receptor Repertoire Dynamics Underlie the CD8+ T-Cell Response to HIV-1. Journal of virology, 89(1), 110-119.",MHC-peptide-TCR.xlsx.
TRBV2,CASSPLAVGKETQYF,TRBJ2-5,EIYKRWII,HIV-1,"Costa, A. I., Koning, D., Ladell, K., McLaren, J. E., Grady, B. P., Schellens, I. M., ... & van Baarle, D. (2015). Complex T-Cell Receptor Repertoire Dynamics Underlie the CD8+ T-Cell Response to HIV-1. Journal of virology, 89(1), 110-119.",MHC-peptide-TCR.xlsx.
TRBV27,CASSLSGRGATEAFF,TRBJ1-1,EIYKRWII,HIV-1,"Costa, A. I., Koning, D., Ladell, K., McLaren, J. E., Grady, B. P., Schellens, I. M., ... & van Baarle, D. (2015). Complex T-Cell Receptor Repertoire Dynamics Underlie the CD8+ T-Cell Response to HIV-1. Journal of virology, 89(1), 110-119.",MHC-peptide-TCR.xlsx.
TRBV7-3,CASSLMDRTEAFF,TRBJ1-1,EIYKRWII,HIV-1,"Costa, A. I., Koning, D., Ladell, K., McLaren, J. E., Grady, B. P., Schellens, I. M., ... & van Baarle, D. (2015). Complex T-Cell Receptor Repertoire Dynamics Underlie the CD8+ T-Cell Response to HIV-1. Journal of virology, 89(1), 110-119.",MHC-peptide-TCR.xlsx.
TRBV10-3,CAITDGNGPRIGYTF,TRBJ1-2,EIYKRWII,HIV-1,"Costa, A. I., Koning, D., Ladell, K., McLaren, J. E., Grady, B. P., Schellens, I. M., ... & van Baarle, D. (2015). Complex T-Cell Receptor Repertoire Dynamics Underlie the CD8+ T-Cell Response to HIV-1. Journal of virology, 89(1), 110-119.",MHC-peptide-TCR.xlsx.
TRBV29-1,CSVGAGLTWANYGYTF,TRBJ1-2,EIYKRWII,HIV-1,"Costa, A. I., Koning, D., Ladell, K., McLaren, J. E., Grady, B. P., Schellens, I. M., ... & van Baarle, D. (2015). Complex T-Cell Receptor Repertoire Dynamics Underlie the CD8+ T-Cell Response to HIV-1. Journal of virology, 89(1), 110-119.",MHC-peptide-TCR.xlsx.
TRBV7-2,CASSLPGQGRTPLHF,TRBJ1-6,EIYKRWII,HIV-1,"Costa, A. I., Koning, D., Ladell, K., McLaren, J. E., Grady, B. P., Schellens, I. M., ... & van Baarle, D. (2015). Complex T-Cell Receptor Repertoire Dynamics Underlie the CD8+ T-Cell Response to HIV-1. Journal of virology, 89(1), 110-119.",MHC-peptide-TCR.xlsx.
TRBV9,CASSVVGGGRTDTQYF,TRBJ2-3,EIYKRWII,HIV-1,"Costa, A. I., Koning, D., Ladell, K., McLaren, J. E., Grady, B. P., Schellens, I. M., ... & van Baarle, D. (2015). Complex T-Cell Receptor Repertoire Dynamics Underlie the CD8+ T-Cell Response to HIV-1. Journal of virology, 89(1), 110-119.",MHC-peptide-TCR.xlsx.
TRBV6-2,CASSWDTSRTEAFF,TRBJ1-1,EIYKRWII,HIV-1,"Costa, A. I., Koning, D., Ladell, K., McLaren, J. E., Grady, B. P., Schellens, I. M., ... & van Baarle, D. (2015). Complex T-Cell Receptor Repertoire Dynamics Underlie the CD8+ T-Cell Response to HIV-1. Journal of virology, 89(1), 110-119.",MHC-peptide-TCR.xlsx.
TRBV6-3,CASSWDTSRTEAFF,TRBJ1-1,EIYKRWII,HIV-1,"Costa, A. I., Koning, D., Ladell, K., McLaren, J. E., Grady, B. P., Schellens, I. M., ... & van Baarle, D. (2015). Complex T-Cell Receptor Repertoire Dynamics Underlie the CD8+ T-Cell Response to HIV-1. Journal of virology, 89(1), 110-119.",MHC-peptide-TCR.xlsx.
TRBV11-2,CASRTTSGGTDTQYF,TRBJ2-3,EIYKRWII,HIV-1,"Costa, A. I., Koning, D., Ladell, K., McLaren, J. E., Grady, B. P., Schellens, I. M., ... & van Baarle, D. (2015). Complex T-Cell Receptor Repertoire Dynamics Underlie the CD8+ T-Cell Response to HIV-1. Journal of virology, 89(1), 110-119.",MHC-peptide-TCR.xlsx.
TRBV20-1,CSARDSRLEWDTQYF,TRBJ2-3,EIYKRWII,HIV-1,"Costa, A. I., Koning, D., Ladell, K., McLaren, J. E., Grady, B. P., Schellens, I. M., ... & van Baarle, D. (2015). Complex T-Cell Receptor Repertoire Dynamics Underlie the CD8+ T-Cell Response to HIV-1. Journal of virology, 89(1), 110-119.",MHC-peptide-TCR.xlsx.
TRBV9,CASSVVGDTRETQYF,TRBJ2-5,EIYKRWII,HIV-1,"Costa, A. I., Koning, D., Ladell, K., McLaren, J. E., Grady, B. P., Schellens, I. M., ... & van Baarle, D. (2015). Complex T-Cell Receptor Repertoire Dynamics Underlie the CD8+ T-Cell Response to HIV-1. Journal of virology, 89(1), 110-119.",MHC-peptide-TCR.xlsx.
TRBV9,CASSVVGDSYNEQFF,TRBJ2-1,EIYKRWII,HIV-1,"Costa, A. I., Koning, D., Ladell, K., McLaren, J. E., Grady, B. P., Schellens, I. M., ... & van Baarle, D. (2015). Complex T-Cell Receptor Repertoire Dynamics Underlie the CD8+ T-Cell Response to HIV-1. Journal of virology, 89(1), 110-119.",MHC-peptide-TCR.xlsx.
TRBV9,CASSVVGDLRETQYF,TRBJ2-5,EIYKRWII,HIV-1,"Costa, A. I., Koning, D., Ladell, K., McLaren, J. E., Grady, B. P., Schellens, I. M., ... & van Baarle, D. (2015). Complex T-Cell Receptor Repertoire Dynamics Underlie the CD8+ T-Cell Response to HIV-1. Journal of virology, 89(1), 110-119.",MHC-peptide-TCR.xlsx.
TRBV9,CASSVASYNSPLHF,TRBJ1-6,EIYKRWII,HIV-1,"Costa, A. I., Koning, D., Ladell, K., McLaren, J. E., Grady, B. P., Schellens, I. M., ... & van Baarle, D. (2015). Complex T-Cell Receptor Repertoire Dynamics Underlie the CD8+ T-Cell Response to HIV-1. Journal of virology, 89(1), 110-119.",MHC-peptide-TCR.xlsx.
TRBV12-4,CASSLDSRGAFF,TRBJ1-1,EIYKRWII,HIV-1,"Costa, A. I., Koning, D., Ladell, K., McLaren, J. E., Grady, B. P., Schellens, I. M., ... & van Baarle, D. (2015). Complex T-Cell Receptor Repertoire Dynamics Underlie the CD8+ T-Cell Response to HIV-1. Journal of virology, 89(1), 110-119.",MHC-peptide-TCR.xlsx.
TRBV7-2,CASSLPSQGRTEAFF,TRBJ1-1,EIYKRWII,HIV-1,"Costa, A. I., Koning, D., Ladell, K., McLaren, J. E., Grady, B. P., Schellens, I. M., ... & van Baarle, D. (2015). Complex T-Cell Receptor Repertoire Dynamics Underlie the CD8+ T-Cell Response to HIV-1. Journal of virology, 89(1), 110-119.",MHC-peptide-TCR.xlsx.
TRBV13,CASSARDTLRGTGELFF,TRBJ2-2,EIYKRWII,HIV-1,"Costa, A. I., Koning, D., Ladell, K., McLaren, J. E., Grady, B. P., Schellens, I. M., ... & van Baarle, D. (2015). Complex T-Cell Receptor Repertoire Dynamics Underlie the CD8+ T-Cell Response to HIV-1. Journal of virology, 89(1), 110-119.",MHC-peptide-TCR.xlsx.
TRBV18,CASSPSGQGARTGELFF,TRBJ2-2,EIYKRWII,HIV-1,"Costa, A. I., Koning, D., Ladell, K., McLaren, J. E., Grady, B. P., Schellens, I. M., ... & van Baarle, D. (2015). Complex T-Cell Receptor Repertoire Dynamics Underlie the CD8+ T-Cell Response to HIV-1. Journal of virology, 89(1), 110-119.",MHC-peptide-TCR.xlsx.
TRBV4-1,CASSPAGSYTEAFF,TRBJ1-1,EIYKRWII,HIV-1,"Costa, A. I., Koning, D., Ladell, K., McLaren, J. E., Grady, B. P., Schellens, I. M., ... & van Baarle, D. (2015). Complex T-Cell Receptor Repertoire Dynamics Underlie the CD8+ T-Cell Response to HIV-1. Journal of virology, 89(1), 110-119.",MHC-peptide-TCR.xlsx.
TRBV7-2,CASSLTAGARVWQFF,TRBJ2-1,EIYKRWII,HIV-1,"Costa, A. I., Koning, D., Ladell, K., McLaren, J. E., Grady, B. P., Schellens, I. M., ... & van Baarle, D. (2015). Complex T-Cell Receptor Repertoire Dynamics Underlie the CD8+ T-Cell Response to HIV-1. Journal of virology, 89(1), 110-119.",MHC-peptide-TCR.xlsx.
TRBV29-1,CSVRQGYEQYF,TRBJ2-7,EIYKRWII,HIV-1,"Costa, A. I., Koning, D., Ladell, K., McLaren, J. E., Grady, B. P., Schellens, I. M., ... & van Baarle, D. (2015). Complex T-Cell Receptor Repertoire Dynamics Underlie the CD8+ T-Cell Response to HIV-1. Journal of virology, 89(1), 110-119.",MHC-peptide-TCR.xlsx.
TRBV9,CASSVLGGNYGYTF,TRBJ1-2,EIYKRWII,HIV-1,"Costa, A. I., Koning, D., Ladell, K., McLaren, J. E., Grady, B. P., Schellens, I. M., ... & van Baarle, D. (2015). Complex T-Cell Receptor Repertoire Dynamics Underlie the CD8+ T-Cell Response to HIV-1. Journal of virology, 89(1), 110-119.",MHC-peptide-TCR.xlsx.
TRBV6-2,CASSYLWGQYEQYF,TRBJ2-7,EIYKRWII,HIV-1,"Costa, A. I., Koning, D., Ladell, K., McLaren, J. E., Grady, B. P., Schellens, I. M., ... & van Baarle, D. (2015). Complex T-Cell Receptor Repertoire Dynamics Underlie the CD8+ T-Cell Response to HIV-1. Journal of virology, 89(1), 110-119.",MHC-peptide-TCR.xlsx.
TRBV6-3,CASSYLWGQYEQYF,TRBJ2-7,EIYKRWII,HIV-1,"Costa, A. I., Koning, D., Ladell, K., McLaren, J. E., Grady, B. P., Schellens, I. M., ... & van Baarle, D. (2015). Complex T-Cell Receptor Repertoire Dynamics Underlie the CD8+ T-Cell Response to HIV-1. Journal of virology, 89(1), 110-119.",MHC-peptide-TCR.xlsx.
TRBV12-3,CASSFLEDGYTF,TRBJ1-2,EIYKRWII,HIV-1,"Costa, A. I., Koning, D., Ladell, K., McLaren, J. E., Grady, B. P., Schellens, I. M., ... & van Baarle, D. (2015). Complex T-Cell Receptor Repertoire Dynamics Underlie the CD8+ T-Cell Response to HIV-1. Journal of virology, 89(1), 110-119.",MHC-peptide-TCR.xlsx.
TRBV11-2,CASRGLAGGDTQYF,TRBJ2-3,EIYKRWII,HIV-1,"Costa, A. I., Koning, D., Ladell, K., McLaren, J. E., Grady, B. P., Schellens, I. M., ... & van Baarle, D. (2015). Complex T-Cell Receptor Repertoire Dynamics Underlie the CD8+ T-Cell Response to HIV-1. Journal of virology, 89(1), 110-119.",MHC-peptide-TCR.xlsx.
TRBV9,CASSPRRGGPLQETQYF,TRBJ2-5,EIYKRWII,HIV-1,"Costa, A. I., Koning, D., Ladell, K., McLaren, J. E., Grady, B. P., Schellens, I. M., ... & van Baarle, D. (2015). Complex T-Cell Receptor Repertoire Dynamics Underlie the CD8+ T-Cell Response to HIV-1. Journal of virology, 89(1), 110-119.",MHC-peptide-TCR.xlsx.
TRBV5-1,CASSFLPSYEQYF,TRBJ2-7,EIYKRWII,HIV-1,"Costa, A. I., Koning, D., Ladell, K., McLaren, J. E., Grady, B. P., Schellens, I. M., ... & van Baarle, D. (2015). Complex T-Cell Receptor Repertoire Dynamics Underlie the CD8+ T-Cell Response to HIV-1. Journal of virology, 89(1), 110-119.",MHC-peptide-TCR.xlsx.
TRBV10-3,CAISADRVGYEQYF,TRBJ2-7,EIYKRWII,HIV-1,"Costa, A. I., Koning, D., Ladell, K., McLaren, J. E., Grady, B. P., Schellens, I. M., ... & van Baarle, D. (2015). Complex T-Cell Receptor Repertoire Dynamics Underlie the CD8+ T-Cell Response to HIV-1. Journal of virology, 89(1), 110-119.",MHC-peptide-TCR.xlsx.
TRBV2,CASSSGTGVPYTF,TRBJ1-2,EIYKRWII,HIV-1,"Costa, A. I., Koning, D., Ladell, K., McLaren, J. E., Grady, B. P., Schellens, I. M., ... & van Baarle, D. (2015). Complex T-Cell Receptor Repertoire Dynamics Underlie the CD8+ T-Cell Response to HIV-1. Journal of virology, 89(1), 110-119.",MHC-peptide-TCR.xlsx.
TRBV2,CASSELGNPNYGYTF,TRBJ1-2,EIYKRWII,HIV-1,"Costa, A. I., Koning, D., Ladell, K., McLaren, J. E., Grady, B. P., Schellens, I. M., ... & van Baarle, D. (2015). Complex T-Cell Receptor Repertoire Dynamics Underlie the CD8+ T-Cell Response to HIV-1. Journal of virology, 89(1), 110-119.",MHC-peptide-TCR.xlsx.
TRBV4-3,CASSQEYRATTDTQYF,TRBJ2-3,EIYKRWII,HIV-1,"Costa, A. I., Koning, D., Ladell, K., McLaren, J. E., Grady, B. P., Schellens, I. M., ... & van Baarle, D. (2015). Complex T-Cell Receptor Repertoire Dynamics Underlie the CD8+ T-Cell Response to HIV-1. Journal of virology, 89(1), 110-119.",MHC-peptide-TCR.xlsx.
TRBV4-3,CASSQGMFDYGYTF,TRBJ1-2,EIYKRWII,HIV-1,"Costa, A. I., Koning, D., Ladell, K., McLaren, J. E., Grady, B. P., Schellens, I. M., ... & van Baarle, D. (2015). Complex T-Cell Receptor Repertoire Dynamics Underlie the CD8+ T-Cell Response to HIV-1. Journal of virology, 89(1), 110-119.",MHC-peptide-TCR.xlsx.
TRBV7-3,CASSRLAGGTDTQYF,TRBJ2-3,EIYKRWII,HIV-1,"Costa, A. I., Koning, D., Ladell, K., McLaren, J. E., Grady, B. P., Schellens, I. M., ... & van Baarle, D. (2015). Complex T-Cell Receptor Repertoire Dynamics Underlie the CD8+ T-Cell Response to HIV-1. Journal of virology, 89(1), 110-119.",MHC-peptide-TCR.xlsx.
TRBV6-6,CASSYGGTEAFF,TRBJ1-1,EIYKRWII,HIV-1,"Costa, A. I., Koning, D., Ladell, K., McLaren, J. E., Grady, B. P., Schellens, I. M., ... & van Baarle, D. (2015). Complex T-Cell Receptor Repertoire Dynamics Underlie the CD8+ T-Cell Response to HIV-1. Journal of virology, 89(1), 110-119.",MHC-peptide-TCR.xlsx.
TRBV9,CASSVLGGRTGELFF,TRBJ2-2,EIYKRWII,HIV-1,"Costa, A. I., Koning, D., Ladell, K., McLaren, J. E., Grady, B. P., Schellens, I. M., ... & van Baarle, D. (2015). Complex T-Cell Receptor Repertoire Dynamics Underlie the CD8+ T-Cell Response to HIV-1. Journal of virology, 89(1), 110-119.",MHC-peptide-TCR.xlsx.
TRBV2,CASSEVGSKSRQGAYEQYF,TRBJ2-7,EIYKRWII,HIV-1,"Costa, A. I., Koning, D., Ladell, K., McLaren, J. E., Grady, B. P., Schellens, I. M., ... & van Baarle, D. (2015). Complex T-Cell Receptor Repertoire Dynamics Underlie the CD8+ T-Cell Response to HIV-1. Journal of virology, 89(1), 110-119.",MHC-peptide-TCR.xlsx.
TRBV9,CASSTPGRRTSNQPQHF,TRBJ1-5,EIYKRWII,HIV-1,"Costa, A. I., Koning, D., Ladell, K., McLaren, J. E., Grady, B. P., Schellens, I. M., ... & van Baarle, D. (2015). Complex T-Cell Receptor Repertoire Dynamics Underlie the CD8+ T-Cell Response to HIV-1. Journal of virology, 89(1), 110-119.",MHC-peptide-TCR.xlsx.
TRBV5-1,CASSLNGFRGDTEAFF,TRBJ1-1,EIYKRWII,HIV-1,"Costa, A. I., Koning, D., Ladell, K., McLaren, J. E., Grady, B. P., Schellens, I. M., ... & van Baarle, D. (2015). Complex T-Cell Receptor Repertoire Dynamics Underlie the CD8+ T-Cell Response to HIV-1. Journal of virology, 89(1), 110-119.",MHC-peptide-TCR.xlsx.
TRBV4-1,CASSQDRRDTYTYEQYF,TRBJ2-7,EIYKRWII,HIV-1,"Costa, A. I., Koning, D., Ladell, K., McLaren, J. E., Grady, B. P., Schellens, I. M., ... & van Baarle, D. (2015). Complex T-Cell Receptor Repertoire Dynamics Underlie the CD8+ T-Cell Response to HIV-1. Journal of virology, 89(1), 110-119.",MHC-peptide-TCR.xlsx.
TRBV9,CASSVDAGGELFF,TRBJ2-2,EIYKRWII,HIV-1,"Costa, A. I., Koning, D., Ladell, K., McLaren, J. E., Grady, B. P., Schellens, I. M., ... & van Baarle, D. (2015). Complex T-Cell Receptor Repertoire Dynamics Underlie the CD8+ T-Cell Response to HIV-1. Journal of virology, 89(1), 110-119.",MHC-peptide-TCR.xlsx.
TRBV7-8,CASSFQGERTEAFF,TRBJ1-1,EIYKRWII,HIV-1,"Costa, A. I., Koning, D., Ladell, K., McLaren, J. E., Grady, B. P., Schellens, I. M., ... & van Baarle, D. (2015). Complex T-Cell Receptor Repertoire Dynamics Underlie the CD8+ T-Cell Response to HIV-1. Journal of virology, 89(1), 110-119.",MHC-peptide-TCR.xlsx.
TRBV7-8,CASSLLGNTGELFF,TRBJ2-2,EIYKRWII,HIV-1,"Costa, A. I., Koning, D., Ladell, K., McLaren, J. E., Grady, B. P., Schellens, I. M., ... & van Baarle, D. (2015). Complex T-Cell Receptor Repertoire Dynamics Underlie the CD8+ T-Cell Response to HIV-1. Journal of virology, 89(1), 110-119.",MHC-peptide-TCR.xlsx.
TRBV14,CASSQDRRKQFF,TRBJ2-1,EIYKRWII,HIV-1,"Costa, A. I., Koning, D., Ladell, K., McLaren, J. E., Grady, B. P., Schellens, I. M., ... & van Baarle, D. (2015). Complex T-Cell Receptor Repertoire Dynamics Underlie the CD8+ T-Cell Response to HIV-1. Journal of virology, 89(1), 110-119.",MHC-peptide-TCR.xlsx.
TRBV6-1,CASSPLDGFRDEQFF,TRBJ2-1,EIYKRWII,HIV-1,"Costa, A. I., Koning, D., Ladell, K., McLaren, J. E., Grady, B. P., Schellens, I. M., ... & van Baarle, D. (2015). Complex T-Cell Receptor Repertoire Dynamics Underlie the CD8+ T-Cell Response to HIV-1. Journal of virology, 89(1), 110-119.",MHC-peptide-TCR.xlsx.
TRBV12-4,CASSSGPTRPQETQYF,TRBJ2-5,EIYKRWII,HIV-1,"Costa, A. I., Koning, D., Ladell, K., McLaren, J. E., Grady, B. P., Schellens, I. M., ... & van Baarle, D. (2015). Complex T-Cell Receptor Repertoire Dynamics Underlie the CD8+ T-Cell Response to HIV-1. Journal of virology, 89(1), 110-119.",MHC-peptide-TCR.xlsx.
TRBV10-2,CASSESILSYEQYF,TRBJ2-7,EIYKRWII,HIV-1,"Costa, A. I., Koning, D., Ladell, K., McLaren, J. E., Grady, B. P., Schellens, I. M., ... & van Baarle, D. (2015). Complex T-Cell Receptor Repertoire Dynamics Underlie the CD8+ T-Cell Response to HIV-1. Journal of virology, 89(1), 110-119.",MHC-peptide-TCR.xlsx.
TRBV3-1,CASSQEAGDSPQSTDTQYF,TRBJ2-3,EIYKRWII,HIV-1,"Costa, A. I., Koning, D., Ladell, K., McLaren, J. E., Grady, B. P., Schellens, I. M., ... & van Baarle, D. (2015). Complex T-Cell Receptor Repertoire Dynamics Underlie the CD8+ T-Cell Response to HIV-1. Journal of virology, 89(1), 110-119.",MHC-peptide-TCR.xlsx.
TRBV9,CASSPFTGVGQPQHF,TRBJ1-5,EIYKRWII,HIV-1,"Costa, A. I., Koning, D., Ladell, K., McLaren, J. E., Grady, B. P., Schellens, I. M., ... & van Baarle, D. (2015). Complex T-Cell Receptor Repertoire Dynamics Underlie the CD8+ T-Cell Response to HIV-1. Journal of virology, 89(1), 110-119.",MHC-peptide-TCR.xlsx.
TRBV4-1,CASSQTSASEQYF,TRBJ2-7,EIYKRWII,HIV-1,"Costa, A. I., Koning, D., Ladell, K., McLaren, J. E., Grady, B. P., Schellens, I. M., ... & van Baarle, D. (2015). Complex T-Cell Receptor Repertoire Dynamics Underlie the CD8+ T-Cell Response to HIV-1. Journal of virology, 89(1), 110-119.",MHC-peptide-TCR.xlsx.
TRBV4-1,CASSQWDTGNEQFF,TRBJ2-1,EIYKRWII,HIV-1,"Costa, A. I., Koning, D., Ladell, K., McLaren, J. E., Grady, B. P., Schellens, I. M., ... & van Baarle, D. (2015). Complex T-Cell Receptor Repertoire Dynamics Underlie the CD8+ T-Cell Response to HIV-1. Journal of virology, 89(1), 110-119.",MHC-peptide-TCR.xlsx.
TRBV3-1,CASRNRAAGRFRETQYF,TRBJ2-5,EIYKRWII,HIV-1,"Costa, A. I., Koning, D., Ladell, K., McLaren, J. E., Grady, B. P., Schellens, I. M., ... & van Baarle, D. (2015). Complex T-Cell Receptor Repertoire Dynamics Underlie the CD8+ T-Cell Response to HIV-1. Journal of virology, 89(1), 110-119.",MHC-peptide-TCR.xlsx.
TRBV5-1,CASSSAPDGRNTGELFF,TRBJ2-2,EIYKRWII,HIV-1,"Costa, A. I., Koning, D., Ladell, K., McLaren, J. E., Grady, B. P., Schellens, I. M., ... & van Baarle, D. (2015). Complex T-Cell Receptor Repertoire Dynamics Underlie the CD8+ T-Cell Response to HIV-1. Journal of virology, 89(1), 110-119.",MHC-peptide-TCR.xlsx.
TRBV2,CASKLAGQSLYNEQYFF,TRBJ2-1,EIYKRWII,HIV-1,"Costa, A. I., Koning, D., Ladell, K., McLaren, J. E., Grady, B. P., Schellens, I. M., ... & van Baarle, D. (2015). Complex T-Cell Receptor Repertoire Dynamics Underlie the CD8+ T-Cell Response to HIV-1. Journal of virology, 89(1), 110-119.",MHC-peptide-TCR.xlsx.
TRBV12-3,CASSPWDTRGEKLFF,TRBJ1-4,EIYKRWII,HIV-1,"Costa, A. I., Koning, D., Ladell, K., McLaren, J. E., Grady, B. P., Schellens, I. M., ... & van Baarle, D. (2015). Complex T-Cell Receptor Repertoire Dynamics Underlie the CD8+ T-Cell Response to HIV-1. Journal of virology, 89(1), 110-119.",MHC-peptide-TCR.xlsx.
TRBV20-1,CSARQGGNYEQYF,TRBJ2-7,EIYKRWII,HIV-1,"Costa, A. I., Koning, D., Ladell, K., McLaren, J. E., Grady, B. P., Schellens, I. M., ... & van Baarle, D. (2015). Complex T-Cell Receptor Repertoire Dynamics Underlie the CD8+ T-Cell Response to HIV-1. Journal of virology, 89(1), 110-119.",MHC-peptide-TCR.xlsx.
TRBV7-9,CASSLAPYSNYEQYF,TRBJ2-7,EIYKRWII,HIV-1,"Costa, A. I., Koning, D., Ladell, K., McLaren, J. E., Grady, B. P., Schellens, I. M., ... & van Baarle, D. (2015). Complex T-Cell Receptor Repertoire Dynamics Underlie the CD8+ T-Cell Response to HIV-1. Journal of virology, 89(1), 110-119.",MHC-peptide-TCR.xlsx.
TRBV11-2,CASSFQGNYEQYF,TRBJ2-7,EIYKRWII,HIV-1,"Costa, A. I., Koning, D., Ladell, K., McLaren, J. E., Grady, B. P., Schellens, I. M., ... & van Baarle, D. (2015). Complex T-Cell Receptor Repertoire Dynamics Underlie the CD8+ T-Cell Response to HIV-1. Journal of virology, 89(1), 110-119.",MHC-peptide-TCR.xlsx.
TRBV20-1,CSVDRGPTGELFF,TRBJ2-2,EIYKRWII,HIV-1,"Costa, A. I., Koning, D., Ladell, K., McLaren, J. E., Grady, B. P., Schellens, I. M., ... & van Baarle, D. (2015). Complex T-Cell Receptor Repertoire Dynamics Underlie the CD8+ T-Cell Response to HIV-1. Journal of virology, 89(1), 110-119.",MHC-peptide-TCR.xlsx.
TRBV28,CASSFLFRGRAGETQYF,TRBJ2-5,EIYKRWII,HIV-1,"Costa, A. I., Koning, D., Ladell, K., McLaren, J. E., Grady, B. P., Schellens, I. M., ... & van Baarle, D. (2015). Complex T-Cell Receptor Repertoire Dynamics Underlie the CD8+ T-Cell Response to HIV-1. Journal of virology, 89(1), 110-119.",MHC-peptide-TCR.xlsx.
TRBV28,CASSDSTGDSGANVLTF,TRBJ2-6,EIYKRWII,HIV-1,"Costa, A. I., Koning, D., Ladell, K., McLaren, J. E., Grady, B. P., Schellens, I. M., ... & van Baarle, D. (2015). Complex T-Cell Receptor Repertoire Dynamics Underlie the CD8+ T-Cell Response to HIV-1. Journal of virology, 89(1), 110-119.",MHC-peptide-TCR.xlsx.
TRBV14,CASSLDRETQYF,TRBJ2-3,EIYKRWII,HIV-1,"Costa, A. I., Koning, D., Ladell, K., McLaren, J. E., Grady, B. P., Schellens, I. M., ... & van Baarle, D. (2015). Complex T-Cell Receptor Repertoire Dynamics Underlie the CD8+ T-Cell Response to HIV-1. Journal of virology, 89(1), 110-119.",MHC-peptide-TCR.xlsx.
TRBV7-2,CASSLIPGNQPQHF,TRBJ1-5,EIYKRWII,HIV-1,"Costa, A. I., Koning, D., Ladell, K., McLaren, J. E., Grady, B. P., Schellens, I. M., ... & van Baarle, D. (2015). Complex T-Cell Receptor Repertoire Dynamics Underlie the CD8+ T-Cell Response to HIV-1. Journal of virology, 89(1), 110-119.",MHC-peptide-TCR.xlsx.
TRBV12-5,CASGLGRNQPQHF,TRBJ1-5,EIYKRWII,HIV-1,"Costa, A. I., Koning, D., Ladell, K., McLaren, J. E., Grady, B. P., Schellens, I. M., ... & van Baarle, D. (2015). Complex T-Cell Receptor Repertoire Dynamics Underlie the CD8+ T-Cell Response to HIV-1. Journal of virology, 89(1), 110-119.",MHC-peptide-TCR.xlsx.
TRBV7-8,CASSLDDGRRPLHF,TRBJ1-6,EIYKRWII,HIV-1,"Costa, A. I., Koning, D., Ladell, K., McLaren, J. E., Grady, B. P., Schellens, I. M., ... & van Baarle, D. (2015). Complex T-Cell Receptor Repertoire Dynamics Underlie the CD8+ T-Cell Response to HIV-1. Journal of virology, 89(1), 110-119.",MHC-peptide-TCR.xlsx.
TRBV7-2,CASSLPGQGRTEAFF,TRBJ1-1,EIYKRWII,HIV-1,"Costa, A. I., Koning, D., Ladell, K., McLaren, J. E., Grady, B. P., Schellens, I. M., ... & van Baarle, D. (2015). Complex T-Cell Receptor Repertoire Dynamics Underlie the CD8+ T-Cell Response to HIV-1. Journal of virology, 89(1), 110-119.",MHC-peptide-TCR.xlsx.
TRBV27,CASSFTGTGARTDTQYF,TRBJ2-3,EIYKRWII,HIV-1,"Costa, A. I., Koning, D., Ladell, K., McLaren, J. E., Grady, B. P., Schellens, I. M., ... & van Baarle, D. (2015). Complex T-Cell Receptor Repertoire Dynamics Underlie the CD8+ T-Cell Response to HIV-1. Journal of virology, 89(1), 110-119.",MHC-peptide-TCR.xlsx.
TRBV20-1,CSARLSYEQYF,TRBJ2-7,EIYKRWII,HIV-1,"Costa, A. I., Koning, D., Ladell, K., McLaren, J. E., Grady, B. P., Schellens, I. M., ... & van Baarle, D. (2015). Complex T-Cell Receptor Repertoire Dynamics Underlie the CD8+ T-Cell Response to HIV-1. Journal of virology, 89(1), 110-119.",MHC-peptide-TCR.xlsx.
TRBV2,CASSEASPGRSYGYTF,TRBJ1-2,EIYKRWII,HIV-1,"Costa, A. I., Koning, D., Ladell, K., McLaren, J. E., Grady, B. P., Schellens, I. M., ... & van Baarle, D. (2015). Complex T-Cell Receptor Repertoire Dynamics Underlie the CD8+ T-Cell Response to HIV-1. Journal of virology, 89(1), 110-119.",MHC-peptide-TCR.xlsx.
TRBV7-8,CASSMLDGGRDEQFF,TRBJ2-1,EIYKRWII,HIV-1,"Costa, A. I., Koning, D., Ladell, K., McLaren, J. E., Grady, B. P., Schellens, I. M., ... & van Baarle, D. (2015). Complex T-Cell Receptor Repertoire Dynamics Underlie the CD8+ T-Cell Response to HIV-1. Journal of virology, 89(1), 110-119.",MHC-peptide-TCR.xlsx.
TRBV20-1,CSARWDYEQYF,TRBJ2-7,EIYKRWII,HIV-1,"Costa, A. I., Koning, D., Ladell, K., McLaren, J. E., Grady, B. P., Schellens, I. M., ... & van Baarle, D. (2015). Complex T-Cell Receptor Repertoire Dynamics Underlie the CD8+ T-Cell Response to HIV-1. Journal of virology, 89(1), 110-119.",MHC-peptide-TCR.xlsx.
TRBV5-1,CASSPLTSGGARDTQYF,TRBJ2-3,EIYKRWII,HIV-1,"Costa, A. I., Koning, D., Ladell, K., McLaren, J. E., Grady, B. P., Schellens, I. M., ... & van Baarle, D. (2015). Complex T-Cell Receptor Repertoire Dynamics Underlie the CD8+ T-Cell Response to HIV-1. Journal of virology, 89(1), 110-119.",MHC-peptide-TCR.xlsx.
TRBV27,CASSPTGTGVRNTEAFF,TRBJ1-1,EIYKRWII,HIV-1,"Costa, A. I., Koning, D., Ladell, K., McLaren, J. E., Grady, B. P., Schellens, I. M., ... & van Baarle, D. (2015). Complex T-Cell Receptor Repertoire Dynamics Underlie the CD8+ T-Cell Response to HIV-1. Journal of virology, 89(1), 110-119.",MHC-peptide-TCR.xlsx.
TRBV20-1,CSARYSYEQYF,TRBJ2-7,EIYKRWII,HIV-1,"Costa, A. I., Koning, D., Ladell, K., McLaren, J. E., Grady, B. P., Schellens, I. M., ... & van Baarle, D. (2015). Complex T-Cell Receptor Repertoire Dynamics Underlie the CD8+ T-Cell Response to HIV-1. Journal of virology, 89(1), 110-119.",MHC-peptide-TCR.xlsx.
TRBV27,CASSLYPGVTEAFF,TRBJ1-1,EIYKRWII,HIV-1,"Costa, A. I., Koning, D., Ladell, K., McLaren, J. E., Grady, B. P., Schellens, I. M., ... & van Baarle, D. (2015). Complex T-Cell Receptor Repertoire Dynamics Underlie the CD8+ T-Cell Response to HIV-1. Journal of virology, 89(1), 110-119.",MHC-peptide-TCR.xlsx.
TRBV20-1,CSARENYEQYF,TRBJ2-7,EIYKRWII,HIV-1,"Costa, A. I., Koning, D., Ladell, K., McLaren, J. E., Grady, B. P., Schellens, I. M., ... & van Baarle, D. (2015). Complex T-Cell Receptor Repertoire Dynamics Underlie the CD8+ T-Cell Response to HIV-1. Journal of virology, 89(1), 110-119.",MHC-peptide-TCR.xlsx.
TRBV6-1,CASSGRLGLGTEAFF,TRBJ1-1,EIYKRWII,HIV-1,"Costa, A. I., Koning, D., Ladell, K., McLaren, J. E., Grady, B. P., Schellens, I. M., ... & van Baarle, D. (2015). Complex T-Cell Receptor Repertoire Dynamics Underlie the CD8+ T-Cell Response to HIV-1. Journal of virology, 89(1), 110-119.",MHC-peptide-TCR.xlsx.
TRBV6-2,CASSGSGGRTTEAFF,TRBJ1-1,EIYKRWII,HIV-1,"Costa, A. I., Koning, D., Ladell, K., McLaren, J. E., Grady, B. P., Schellens, I. M., ... & van Baarle, D. (2015). Complex T-Cell Receptor Repertoire Dynamics Underlie the CD8+ T-Cell Response to HIV-1. Journal of virology, 89(1), 110-119.",MHC-peptide-TCR.xlsx.
TRBV6-3,CASSGSGGRTTEAFF,TRBJ1-1,EIYKRWII,HIV-1,"Costa, A. I., Koning, D., Ladell, K., McLaren, J. E., Grady, B. P., Schellens, I. M., ... & van Baarle, D. (2015). Complex T-Cell Receptor Repertoire Dynamics Underlie the CD8+ T-Cell Response to HIV-1. Journal of virology, 89(1), 110-119.",MHC-peptide-TCR.xlsx.
TRBV7-8,CASSLLDGTRDEQYF,TRBJ2-7,EIYKRWII,HIV-1,"Costa, A. I., Koning, D., Ladell, K., McLaren, J. E., Grady, B. P., Schellens, I. M., ... & van Baarle, D. (2015). Complex T-Cell Receptor Repertoire Dynamics Underlie the CD8+ T-Cell Response to HIV-1. Journal of virology, 89(1), 110-119.",MHC-peptide-TCR.xlsx.
TRBV23-1,CASSQSPTRLAGTPHNEQFF,TRBJ2-1,EIYKRWII,HIV-1,"Costa, A. I., Koning, D., Ladell, K., McLaren, J. E., Grady, B. P., Schellens, I. M., ... & van Baarle, D. (2015). Complex T-Cell Receptor Repertoire Dynamics Underlie the CD8+ T-Cell Response to HIV-1. Journal of virology, 89(1), 110-119.",MHC-peptide-TCR.xlsx.
TRBV5-5,CASSLDLNRERTGELFF,TRBJ2-2,EIYKRWII,HIV-1,"Costa, A. I., Koning, D., Ladell, K., McLaren, J. E., Grady, B. P., Schellens, I. M., ... & van Baarle, D. (2015). Complex T-Cell Receptor Repertoire Dynamics Underlie the CD8+ T-Cell Response to HIV-1. Journal of virology, 89(1), 110-119.",MHC-peptide-TCR.xlsx.
TRBV2,CASGGQGDRQPQHF,TRBJ1-5,EIYKRWII,HIV-1,"Costa, A. I., Koning, D., Ladell, K., McLaren, J. E., Grady, B. P., Schellens, I. M., ... & van Baarle, D. (2015). Complex T-Cell Receptor Repertoire Dynamics Underlie the CD8+ T-Cell Response to HIV-1. Journal of virology, 89(1), 110-119.",MHC-peptide-TCR.xlsx.
TRBV7-8,CASSLVEIRNEQFF,TRBJ2-1,EIYKRWII,HIV-1,"Costa, A. I., Koning, D., Ladell, K., McLaren, J. E., Grady, B. P., Schellens, I. M., ... & van Baarle, D. (2015). Complex T-Cell Receptor Repertoire Dynamics Underlie the CD8+ T-Cell Response to HIV-1. Journal of virology, 89(1), 110-119.",MHC-peptide-TCR.xlsx.
TRBV6-5,CASSYEVRTEAFF,TRBJ1-1,EIYKRWII,HIV-1,"Costa, A. I., Koning, D., Ladell, K., McLaren, J. E., Grady, B. P., Schellens, I. M., ... & van Baarle, D. (2015). Complex T-Cell Receptor Repertoire Dynamics Underlie the CD8+ T-Cell Response to HIV-1. Journal of virology, 89(1), 110-119.",MHC-peptide-TCR.xlsx.
TRBV2,CASSISERESYEQYF,TRBJ2-7,EIYKRWII,HIV-1,"Costa, A. I., Koning, D., Ladell, K., McLaren, J. E., Grady, B. P., Schellens, I. M., ... & van Baarle, D. (2015). Complex T-Cell Receptor Repertoire Dynamics Underlie the CD8+ T-Cell Response to HIV-1. Journal of virology, 89(1), 110-119.",MHC-peptide-TCR.xlsx.
TRBV6-1,CASSEILLRGAETQYF,TRBJ2-5,EIYKRWII,HIV-1,"Costa, A. I., Koning, D., Ladell, K., McLaren, J. E., Grady, B. P., Schellens, I. M., ... & van Baarle, D. (2015). Complex T-Cell Receptor Repertoire Dynamics Underlie the CD8+ T-Cell Response to HIV-1. Journal of virology, 89(1), 110-119.",MHC-peptide-TCR.xlsx.
TRBV9,CASSLVGDARETQYF,TRBJ2-5,EIYKRWII,HIV-1,"Costa, A. I., Koning, D., Ladell, K., McLaren, J. E., Grady, B. P., Schellens, I. M., ... & van Baarle, D. (2015). Complex T-Cell Receptor Repertoire Dynamics Underlie the CD8+ T-Cell Response to HIV-1. Journal of virology, 89(1), 110-119.",MHC-peptide-TCR.xlsx.
TRBV14,CASSPGVSQPQHF,TRBJ1-5,EIYKRWII,HIV-1,"Costa, A. I., Koning, D., Ladell, K., McLaren, J. E., Grady, B. P., Schellens, I. M., ... & van Baarle, D. (2015). Complex T-Cell Receptor Repertoire Dynamics Underlie the CD8+ T-Cell Response to HIV-1. Journal of virology, 89(1), 110-119.",MHC-peptide-TCR.xlsx.
TRBV9,CASSVVGDSRETQYF,TRBJ2-5,EIYKRWII,HIV-1,"Costa, A. I., Koning, D., Ladell, K., McLaren, J. E., Grady, B. P., Schellens, I. M., ... & van Baarle, D. (2015). Complex T-Cell Receptor Repertoire Dynamics Underlie the CD8+ T-Cell Response to HIV-1. Journal of virology, 89(1), 110-119.",MHC-peptide-TCR.xlsx.
TRBV7-8,CASSLQGERTEAFF,TRBJ1-1,EIYKRWII,HIV-1,"Costa, A. I., Koning, D., Ladell, K., McLaren, J. E., Grady, B. P., Schellens, I. M., ... & van Baarle, D. (2015). Complex T-Cell Receptor Repertoire Dynamics Underlie the CD8+ T-Cell Response to HIV-1. Journal of virology, 89(1), 110-119.",MHC-peptide-TCR.xlsx.
TRBV7-8,CASSLLNGQSSGNTIYF,TRBJ1-3,EIYKRWII,HIV-1,"Costa, A. I., Koning, D., Ladell, K., McLaren, J. E., Grady, B. P., Schellens, I. M., ... & van Baarle, D. (2015). Complex T-Cell Receptor Repertoire Dynamics Underlie the CD8+ T-Cell Response to HIV-1. Journal of virology, 89(1), 110-119.",MHC-peptide-TCR.xlsx.
TRBV7-8,CASSLLDAMRNEQFF,TRBJ2-1,EIYKRWII,HIV-1,"Costa, A. I., Koning, D., Ladell, K., McLaren, J. E., Grady, B. P., Schellens, I. M., ... & van Baarle, D. (2015). Complex T-Cell Receptor Repertoire Dynamics Underlie the CD8+ T-Cell Response to HIV-1. Journal of virology, 89(1), 110-119.",MHC-peptide-TCR.xlsx.
TRBV7-9,CASSQGSGLLPGEQFF,TRBJ2-1,EIYKRWII,HIV-1,"Costa, A. I., Koning, D., Ladell, K., McLaren, J. E., Grady, B. P., Schellens, I. M., ... & van Baarle, D. (2015). Complex T-Cell Receptor Repertoire Dynamics Underlie the CD8+ T-Cell Response to HIV-1. Journal of virology, 89(1), 110-119.",MHC-peptide-TCR.xlsx.
TRBV7-2,CASSSRGVRSLDTQYF,TRBJ2-3,EIYKRWII,HIV-1,"Costa, A. I., Koning, D., Ladell, K., McLaren, J. E., Grady, B. P., Schellens, I. M., ... & van Baarle, D. (2015). Complex T-Cell Receptor Repertoire Dynamics Underlie the CD8+ T-Cell Response to HIV-1. Journal of virology, 89(1), 110-119.",MHC-peptide-TCR.xlsx.
TRBV5-4,CASSLPTALTGELFF,TRBJ2-2,EIYKRWII,HIV-1,"Costa, A. I., Koning, D., Ladell, K., McLaren, J. E., Grady, B. P., Schellens, I. M., ... & van Baarle, D. (2015). Complex T-Cell Receptor Repertoire Dynamics Underlie the CD8+ T-Cell Response to HIV-1. Journal of virology, 89(1), 110-119.",MHC-peptide-TCR.xlsx.
TRBV3-1,CAGRNRAAGRFRETQYF,TRBJ2-2,EIYKRWII,HIV-1,"Costa, A. I., Koning, D., Ladell, K., McLaren, J. E., Grady, B. P., Schellens, I. M., ... & van Baarle, D. (2015). Complex T-Cell Receptor Repertoire Dynamics Underlie the CD8+ T-Cell Response to HIV-1. Journal of virology, 89(1), 110-119.",MHC-peptide-TCR.xlsx.
TRBV3-1,CANRNRAAGRFRETQYF,TRBJ2-2,EIYKRWII,HIV-1,"Costa, A. I., Koning, D., Ladell, K., McLaren, J. E., Grady, B. P., Schellens, I. M., ... & van Baarle, D. (2015). Complex T-Cell Receptor Repertoire Dynamics Underlie the CD8+ T-Cell Response to HIV-1. Journal of virology, 89(1), 110-119.",MHC-peptide-TCR.xlsx.
TRBV7-3,CASSLLGSTDTQYF,TRBJ2-3,EIYKRWII,HIV-1,"Costa, A. I., Koning, D., Ladell, K., McLaren, J. E., Grady, B. P., Schellens, I. M., ... & van Baarle, D. (2015). Complex T-Cell Receptor Repertoire Dynamics Underlie the CD8+ T-Cell Response to HIV-1. Journal of virology, 89(1), 110-119.",MHC-peptide-TCR.xlsx.
TRBV7-3,CASSLIDGARDEQFF,TRBJ2-1,EIYKRWII,HIV-1,"Costa, A. I., Koning, D., Ladell, K., McLaren, J. E., Grady, B. P., Schellens, I. M., ... & van Baarle, D. (2015). Complex T-Cell Receptor Repertoire Dynamics Underlie the CD8+ T-Cell Response to HIV-1. Journal of virology, 89(1), 110-119.",MHC-peptide-TCR.xlsx.
TRBV27,CASSLSRDRNEQFF,TRBJ2-1,EIYKRWII,HIV-1,"Costa, A. I., Koning, D., Ladell, K., McLaren, J. E., Grady, B. P., Schellens, I. M., ... & van Baarle, D. (2015). Complex T-Cell Receptor Repertoire Dynamics Underlie the CD8+ T-Cell Response to HIV-1. Journal of virology, 89(1), 110-119.",MHC-peptide-TCR.xlsx.
TRBV29,CSGGPLETQYF,TRBJ2-5,EIYKRWII,HIV-1,"Costa, A. I., Koning, D., Ladell, K., McLaren, J. E., Grady, B. P., Schellens, I. M., ... & van Baarle, D. (2015). Complex T-Cell Receptor Repertoire Dynamics Underlie the CD8+ T-Cell Response to HIV-1. Journal of virology, 89(1), 110-119.",MHC-peptide-TCR.xlsx.
TRBV9,CASSVGGDARETQYF,TRBJ2-5,EIYKRWII,HIV-1,"Costa, A. I., Koning, D., Ladell, K., McLaren, J. E., Grady, B. P., Schellens, I. M., ... & van Baarle, D. (2015). Complex T-Cell Receptor Repertoire Dynamics Underlie the CD8+ T-Cell Response to HIV-1. Journal of virology, 89(1), 110-119.",MHC-peptide-TCR.xlsx.
TRBV2,CASSASTKDTQYF,TRBJ2-3,EIYKRWII,HIV-1,"Costa, A. I., Koning, D., Ladell, K., McLaren, J. E., Grady, B. P., Schellens, I. M., ... & van Baarle, D. (2015). Complex T-Cell Receptor Repertoire Dynamics Underlie the CD8+ T-Cell Response to HIV-1. Journal of virology, 89(1), 110-119.",MHC-peptide-TCR.xlsx.
TRBV21-1,CASSKEHRGTEDYEQYF,TRBJ2-7,EIYKRWII,HIV-1,"Costa, A. I., Koning, D., Ladell, K., McLaren, J. E., Grady, B. P., Schellens, I. M., ... & van Baarle, D. (2015). Complex T-Cell Receptor Repertoire Dynamics Underlie the CD8+ T-Cell Response to HIV-1. Journal of virology, 89(1), 110-119.",MHC-peptide-TCR.xlsx.
TRBV12-4,CASSFLTRQPQHF,TRBJ1-5,EIYKRWII,HIV-1,"Costa, A. I., Koning, D., Ladell, K., McLaren, J. E., Grady, B. P., Schellens, I. M., ... & van Baarle, D. (2015). Complex T-Cell Receptor Repertoire Dynamics Underlie the CD8+ T-Cell Response to HIV-1. Journal of virology, 89(1), 110-119.",MHC-peptide-TCR.xlsx.
TRBV12-4,CASSLGTEWGYDNTQYF,TRBJ2-3,EIYKRWII,HIV-1,"Costa, A. I., Koning, D., Ladell, K., McLaren, J. E., Grady, B. P., Schellens, I. M., ... & van Baarle, D. (2015). Complex T-Cell Receptor Repertoire Dynamics Underlie the CD8+ T-Cell Response to HIV-1. Journal of virology, 89(1), 110-119.",MHC-peptide-TCR.xlsx.
TRBV28,CASSYQPGGSGELFF,TRBJ2-2,EIYKRWII,HIV-1,"Costa, A. I., Koning, D., Ladell, K., McLaren, J. E., Grady, B. P., Schellens, I. M., ... & van Baarle, D. (2015). Complex T-Cell Receptor Repertoire Dynamics Underlie the CD8+ T-Cell Response to HIV-1. Journal of virology, 89(1), 110-119.",MHC-peptide-TCR.xlsx.
TRBV28,CASSLPPPGIKGELFF,TRBJ2-2,EIYKRWII,HIV-1,"Costa, A. I., Koning, D., Ladell, K., McLaren, J. E., Grady, B. P., Schellens, I. M., ... & van Baarle, D. (2015). Complex T-Cell Receptor Repertoire Dynamics Underlie the CD8+ T-Cell Response to HIV-1. Journal of virology, 89(1), 110-119.",MHC-peptide-TCR.xlsx.
TRBV7-8,CASSTLPGTPRNEQYF,TRBJ2-7,EIYKRWII,HIV-1,"Costa, A. I., Koning, D., Ladell, K., McLaren, J. E., Grady, B. P., Schellens, I. M., ... & van Baarle, D. (2015). Complex T-Cell Receptor Repertoire Dynamics Underlie the CD8+ T-Cell Response to HIV-1. Journal of virology, 89(1), 110-119.",MHC-peptide-TCR.xlsx.
TRBV4-1,CASSQEPAQSSYEQYF,TRBJ2-7,EIYKRWII,HIV-1,"Costa, A. I., Koning, D., Ladell, K., McLaren, J. E., Grady, B. P., Schellens, I. M., ... & van Baarle, D. (2015). Complex T-Cell Receptor Repertoire Dynamics Underlie the CD8+ T-Cell Response to HIV-1. Journal of virology, 89(1), 110-119.",MHC-peptide-TCR.xlsx.
TRBV2,CASSVLAGLGNEQFF,TRBJ2-1,FLKEKGGL,HIV-1,"Costa, A. I., Koning, D., Ladell, K., McLaren, J. E., Grady, B. P., Schellens, I. M., ... & van Baarle, D. (2015). Complex T-Cell Receptor Repertoire Dynamics Underlie the CD8+ T-Cell Response to HIV-1. Journal of virology, 89(1), 110-119.",MHC-peptide-TCR.xlsx.
TRBV2,CASSVLAGHGNGQFF,TRBJ2-1,FLKEKGGL,HIV-1,"Costa, A. I., Koning, D., Ladell, K., McLaren, J. E., Grady, B. P., Schellens, I. M., ... & van Baarle, D. (2015). Complex T-Cell Receptor Repertoire Dynamics Underlie the CD8+ T-Cell Response to HIV-1. Journal of virology, 89(1), 110-119.",MHC-peptide-TCR.xlsx.
TRBV11-2,CASSLLAGLTDTQYF,TRBJ2-3,FLKEKGGL,HIV-1,"Costa, A. I., Koning, D., Ladell, K., McLaren, J. E., Grady, B. P., Schellens, I. M., ... & van Baarle, D. (2015). Complex T-Cell Receptor Repertoire Dynamics Underlie the CD8+ T-Cell Response to HIV-1. Journal of virology, 89(1), 110-119.",MHC-peptide-TCR.xlsx.
TRBV11-2,CASSLLAGLADTQYF,TRBJ2-3,FLKEKGGL,HIV-1,"Costa, A. I., Koning, D., Ladell, K., McLaren, J. E., Grady, B. P., Schellens, I. M., ... & van Baarle, D. (2015). Complex T-Cell Receptor Repertoire Dynamics Underlie the CD8+ T-Cell Response to HIV-1. Journal of virology, 89(1), 110-119.",MHC-peptide-TCR.xlsx.
TRBV14,CASSHSPGTSGSPGVTQYF,TRBJ2-5,FLKEKGGL,HIV-1,"Costa, A. I., Koning, D., Ladell, K., McLaren, J. E., Grady, B. P., Schellens, I. M., ... & van Baarle, D. (2015). Complex T-Cell Receptor Repertoire Dynamics Underlie the CD8+ T-Cell Response to HIV-1. Journal of virology, 89(1), 110-119.",MHC-peptide-TCR.xlsx.
TRBV27,CASSQGQGIALYGYTF,TRBJ1-2,FLKEKGGL,HIV-1,"Costa, A. I., Koning, D., Ladell, K., McLaren, J. E., Grady, B. P., Schellens, I. M., ... & van Baarle, D. (2015). Complex T-Cell Receptor Repertoire Dynamics Underlie the CD8+ T-Cell Response to HIV-1. Journal of virology, 89(1), 110-119.",MHC-peptide-TCR.xlsx.
TRBV4-3,CASSPNSGRVTGELFF,TRBJ2-2,FLKEKGGL,HIV-1,"Costa, A. I., Koning, D., Ladell, K., McLaren, J. E., Grady, B. P., Schellens, I. M., ... & van Baarle, D. (2015). Complex T-Cell Receptor Repertoire Dynamics Underlie the CD8+ T-Cell Response to HIV-1. Journal of virology, 89(1), 110-119.",MHC-peptide-TCR.xlsx.
TRBV27,CASSLGQGLVLSGYTF,TRBJ1-2,FLKEKGGL,HIV-1,"Costa, A. I., Koning, D., Ladell, K., McLaren, J. E., Grady, B. P., Schellens, I. M., ... & van Baarle, D. (2015). Complex T-Cell Receptor Repertoire Dynamics Underlie the CD8+ T-Cell Response to HIV-1. Journal of virology, 89(1), 110-119.",MHC-peptide-TCR.xlsx.
TRBV2,CASSELAGLGDTQYF,TRBJ2-3,FLKEKGGL,HIV-1,"Costa, A. I., Koning, D., Ladell, K., McLaren, J. E., Grady, B. P., Schellens, I. M., ... & van Baarle, D. (2015). Complex T-Cell Receptor Repertoire Dynamics Underlie the CD8+ T-Cell Response to HIV-1. Journal of virology, 89(1), 110-119.",MHC-peptide-TCR.xlsx.
TRBV20-1,CSARDRGRALNEQFF,TRBJ2-1,FLKEKGGL,HIV-1,"Costa, A. I., Koning, D., Ladell, K., McLaren, J. E., Grady, B. P., Schellens, I. M., ... & van Baarle, D. (2015). Complex T-Cell Receptor Repertoire Dynamics Underlie the CD8+ T-Cell Response to HIV-1. Journal of virology, 89(1), 110-119.",MHC-peptide-TCR.xlsx.
TRBV27,CASSFLHPSTEAFF,TRBJ1-1,FLKEKGGL,HIV-1,"Costa, A. I., Koning, D., Ladell, K., McLaren, J. E., Grady, B. P., Schellens, I. M., ... & van Baarle, D. (2015). Complex T-Cell Receptor Repertoire Dynamics Underlie the CD8+ T-Cell Response to HIV-1. Journal of virology, 89(1), 110-119.",MHC-peptide-TCR.xlsx.
TRBV6-1,CASRDFPSGGSYEQYF,TRBJ2-7,FLKEKGGL,HIV-1,"Costa, A. I., Koning, D., Ladell, K., McLaren, J. E., Grady, B. P., Schellens, I. M., ... & van Baarle, D. (2015). Complex T-Cell Receptor Repertoire Dynamics Underlie the CD8+ T-Cell Response to HIV-1. Journal of virology, 89(1), 110-119.",MHC-peptide-TCR.xlsx.
TRBV12-3,CASTYTGGAGGELFF,TRBJ2-2,FLKEKGGL,HIV-1,"Costa, A. I., Koning, D., Ladell, K., McLaren, J. E., Grady, B. P., Schellens, I. M., ... & van Baarle, D. (2015). Complex T-Cell Receptor Repertoire Dynamics Underlie the CD8+ T-Cell Response to HIV-1. Journal of virology, 89(1), 110-119.",MHC-peptide-TCR.xlsx.
TRBV20-1,CSAKDRLAYSYEQYF,TRBJ2-7,FLKEKGGL,HIV-1,"Costa, A. I., Koning, D., Ladell, K., McLaren, J. E., Grady, B. P., Schellens, I. M., ... & van Baarle, D. (2015). Complex T-Cell Receptor Repertoire Dynamics Underlie the CD8+ T-Cell Response to HIV-1. Journal of virology, 89(1), 110-119.",MHC-peptide-TCR.xlsx.
TRBV6-2,CASRYLRGEGAHPSNTEAFF,TRBJ1-1,FLKEKGGL,HIV-1,"Costa, A. I., Koning, D., Ladell, K., McLaren, J. E., Grady, B. P., Schellens, I. M., ... & van Baarle, D. (2015). Complex T-Cell Receptor Repertoire Dynamics Underlie the CD8+ T-Cell Response to HIV-1. Journal of virology, 89(1), 110-119.",MHC-peptide-TCR.xlsx.
TRBV6-3,CASRYLRGEGAHPSNTEAFF,TRBJ1-1,FLKEKGGL,HIV-1,"Costa, A. I., Koning, D., Ladell, K., McLaren, J. E., Grady, B. P., Schellens, I. M., ... & van Baarle, D. (2015). Complex T-Cell Receptor Repertoire Dynamics Underlie the CD8+ T-Cell Response to HIV-1. Journal of virology, 89(1), 110-119.",MHC-peptide-TCR.xlsx.
TRBV9,CASSTLASGRYEQYF,TRBJ2-7,FLKEKGGL,HIV-1,"Costa, A. I., Koning, D., Ladell, K., McLaren, J. E., Grady, B. P., Schellens, I. M., ... & van Baarle, D. (2015). Complex T-Cell Receptor Repertoire Dynamics Underlie the CD8+ T-Cell Response to HIV-1. Journal of virology, 89(1), 110-119.",MHC-peptide-TCR.xlsx.
TRBV7-8,CASSPIEGLAKNIQYF,TRBJ2-4,FLKEKGGL,HIV-1,"Costa, A. I., Koning, D., Ladell, K., McLaren, J. E., Grady, B. P., Schellens, I. M., ... & van Baarle, D. (2015). Complex T-Cell Receptor Repertoire Dynamics Underlie the CD8+ T-Cell Response to HIV-1. Journal of virology, 89(1), 110-119.",MHC-peptide-TCR.xlsx.
TRBV9,CASSLMESVWVEQFF,TRBJ2-1,FLKEKGGL,HIV-1,"Costa, A. I., Koning, D., Ladell, K., McLaren, J. E., Grady, B. P., Schellens, I. M., ... & van Baarle, D. (2015). Complex T-Cell Receptor Repertoire Dynamics Underlie the CD8+ T-Cell Response to HIV-1. Journal of virology, 89(1), 110-119.",MHC-peptide-TCR.xlsx.
TRBV6-1,CASSEFGQGFYEQYF,TRBJ2-7,FLKEKGGL,HIV-1,"Costa, A. I., Koning, D., Ladell, K., McLaren, J. E., Grady, B. P., Schellens, I. M., ... & van Baarle, D. (2015). Complex T-Cell Receptor Repertoire Dynamics Underlie the CD8+ T-Cell Response to HIV-1. Journal of virology, 89(1), 110-119.",MHC-peptide-TCR.xlsx.
TRBV3-1,CASSQWGLPTDTQYF,TRBJ2-3,FLKEKGGL,HIV-1,"Costa, A. I., Koning, D., Ladell, K., McLaren, J. E., Grady, B. P., Schellens, I. M., ... & van Baarle, D. (2015). Complex T-Cell Receptor Repertoire Dynamics Underlie the CD8+ T-Cell Response to HIV-1. Journal of virology, 89(1), 110-119.",MHC-peptide-TCR.xlsx.
TRBV6-1,CASSEFPAGVYEQFF,TRBJ2-1,FLKEKGGL,HIV-1,"Costa, A. I., Koning, D., Ladell, K., McLaren, J. E., Grady, B. P., Schellens, I. M., ... & van Baarle, D. (2015). Complex T-Cell Receptor Repertoire Dynamics Underlie the CD8+ T-Cell Response to HIV-1. Journal of virology, 89(1), 110-119.",MHC-peptide-TCR.xlsx.
TRBV9,CASSLGQGTTYEQYF,TRBJ2-7,FLKEKGGL,HIV-1,"Costa, A. I., Koning, D., Ladell, K., McLaren, J. E., Grady, B. P., Schellens, I. M., ... & van Baarle, D. (2015). Complex T-Cell Receptor Repertoire Dynamics Underlie the CD8+ T-Cell Response to HIV-1. Journal of virology, 89(1), 110-119.",MHC-peptide-TCR.xlsx.
TRBV7-9,CASSPPSGDYEQFF,TRBJ2-7,FLKEKGGL,HIV-1,"Costa, A. I., Koning, D., Ladell, K., McLaren, J. E., Grady, B. P., Schellens, I. M., ... & van Baarle, D. (2015). Complex T-Cell Receptor Repertoire Dynamics Underlie the CD8+ T-Cell Response to HIV-1. Journal of virology, 89(1), 110-119.",MHC-peptide-TCR.xlsx.
TRBV9,CASSPGEGGRYEQYF,TRBJ2-7,FLKEKGGL,HIV-1,"Costa, A. I., Koning, D., Ladell, K., McLaren, J. E., Grady, B. P., Schellens, I. M., ... & van Baarle, D. (2015). Complex T-Cell Receptor Repertoire Dynamics Underlie the CD8+ T-Cell Response to HIV-1. Journal of virology, 89(1), 110-119.",MHC-peptide-TCR.xlsx.
TRBV7-9,CASSLGDLYTGELFF,TRBJ2-2,FLKEKGGL,HIV-1,"Costa, A. I., Koning, D., Ladell, K., McLaren, J. E., Grady, B. P., Schellens, I. M., ... & van Baarle, D. (2015). Complex T-Cell Receptor Repertoire Dynamics Underlie the CD8+ T-Cell Response to HIV-1. Journal of virology, 89(1), 110-119.",MHC-peptide-TCR.xlsx.
TRBV6-2,CASSYLAGQGAPYSNQPQHF,TRBJ1-5,FLKEKGGL,HIV-1,"Costa, A. I., Koning, D., Ladell, K., McLaren, J. E., Grady, B. P., Schellens, I. M., ... & van Baarle, D. (2015). Complex T-Cell Receptor Repertoire Dynamics Underlie the CD8+ T-Cell Response to HIV-1. Journal of virology, 89(1), 110-119.",MHC-peptide-TCR.xlsx.
TRBV6-3,CASSYLAGQGAPYSNQPQHF,TRBJ1-5,FLKEKGGL,HIV-1,"Costa, A. I., Koning, D., Ladell, K., McLaren, J. E., Grady, B. P., Schellens, I. M., ... & van Baarle, D. (2015). Complex T-Cell Receptor Repertoire Dynamics Underlie the CD8+ T-Cell Response to HIV-1. Journal of virology, 89(1), 110-119.",MHC-peptide-TCR.xlsx.
TRBV6-4,CASSDSGAGTPNGYTF,TRBJ1-2,FLKEKGGL,HIV-1,"Costa, A. I., Koning, D., Ladell, K., McLaren, J. E., Grady, B. P., Schellens, I. M., ... & van Baarle, D. (2015). Complex T-Cell Receptor Repertoire Dynamics Underlie the CD8+ T-Cell Response to HIV-1. Journal of virology, 89(1), 110-119.",MHC-peptide-TCR.xlsx.
TRBV12-3,CASSFTGENSPLHF,TRBJ1-6,FLKEKGGL,HIV-1,"Costa, A. I., Koning, D., Ladell, K., McLaren, J. E., Grady, B. P., Schellens, I. M., ... & van Baarle, D. (2015). Complex T-Cell Receptor Repertoire Dynamics Underlie the CD8+ T-Cell Response to HIV-1. Journal of virology, 89(1), 110-119.",MHC-peptide-TCR.xlsx.
TRBV29-1,CSVWTGEKHEAFF,TRBJ1-1,FLKEKGGL,HIV-1,"Costa, A. I., Koning, D., Ladell, K., McLaren, J. E., Grady, B. P., Schellens, I. M., ... & van Baarle, D. (2015). Complex T-Cell Receptor Repertoire Dynamics Underlie the CD8+ T-Cell Response to HIV-1. Journal of virology, 89(1), 110-119.",MHC-peptide-TCR.xlsx.
TRBV27,CASRVGQGVVGELFF,TRBJ2-2,FLKEKGGL,HIV-1,"Costa, A. I., Koning, D., Ladell, K., McLaren, J. E., Grady, B. P., Schellens, I. M., ... & van Baarle, D. (2015). Complex T-Cell Receptor Repertoire Dynamics Underlie the CD8+ T-Cell Response to HIV-1. Journal of virology, 89(1), 110-119.",MHC-peptide-TCR.xlsx.
TRBV25-1,CASGVLREAFF,TRBJ1-1,FLKEKGGL,HIV-1,"Costa, A. I., Koning, D., Ladell, K., McLaren, J. E., Grady, B. P., Schellens, I. M., ... & van Baarle, D. (2015). Complex T-Cell Receptor Repertoire Dynamics Underlie the CD8+ T-Cell Response to HIV-1. Journal of virology, 89(1), 110-119.",MHC-peptide-TCR.xlsx.
TRBV11-2,CASSLDHQAGHEQYF,TRBJ2-7,FLKEKGGL,HIV-1,"Costa, A. I., Koning, D., Ladell, K., McLaren, J. E., Grady, B. P., Schellens, I. M., ... & van Baarle, D. (2015). Complex T-Cell Receptor Repertoire Dynamics Underlie the CD8+ T-Cell Response to HIV-1. Journal of virology, 89(1), 110-119.",MHC-peptide-TCR.xlsx.
TRBV27,CASRVGQGVVGGLFF,TRBJ2-2,FLKEKGGL,HIV-1,"Costa, A. I., Koning, D., Ladell, K., McLaren, J. E., Grady, B. P., Schellens, I. M., ... & van Baarle, D. (2015). Complex T-Cell Receptor Repertoire Dynamics Underlie the CD8+ T-Cell Response to HIV-1. Journal of virology, 89(1), 110-119.",MHC-peptide-TCR.xlsx.
TRBV20-1,CSVYREIPEAFF,TRBJ1-1,FLKEKGGL,HIV-1,"Costa, A. I., Koning, D., Ladell, K., McLaren, J. E., Grady, B. P., Schellens, I. M., ... & van Baarle, D. (2015). Complex T-Cell Receptor Repertoire Dynamics Underlie the CD8+ T-Cell Response to HIV-1. Journal of virology, 89(1), 110-119.",MHC-peptide-TCR.xlsx.
TRBV6-5,CASSYQTGTGTYGYTF,TRBJ1-2,FLKEKGGL,HIV-1,"Costa, A. I., Koning, D., Ladell, K., McLaren, J. E., Grady, B. P., Schellens, I. M., ... & van Baarle, D. (2015). Complex T-Cell Receptor Repertoire Dynamics Underlie the CD8+ T-Cell Response to HIV-1. Journal of virology, 89(1), 110-119.",MHC-peptide-TCR.xlsx.
TRBV28,CASSLLDRVREDTQYF,TRBJ2-3,FLKEKGGL,HIV-1,"Costa, A. I., Koning, D., Ladell, K., McLaren, J. E., Grady, B. P., Schellens, I. M., ... & van Baarle, D. (2015). Complex T-Cell Receptor Repertoire Dynamics Underlie the CD8+ T-Cell Response to HIV-1. Journal of virology, 89(1), 110-119.",MHC-peptide-TCR.xlsx.
TRBV20-1,CSARDHLRANEKLFF,TRBJ1-4,FLKEKGGL,HIV-1,"Costa, A. I., Koning, D., Ladell, K., McLaren, J. E., Grady, B. P., Schellens, I. M., ... & van Baarle, D. (2015). Complex T-Cell Receptor Repertoire Dynamics Underlie the CD8+ T-Cell Response to HIV-1. Journal of virology, 89(1), 110-119.",MHC-peptide-TCR.xlsx.
TRBV30,CAWSSRDRVLGQSEQYF,TRBJ2-7,FLKEKGGL,HIV-1,"Costa, A. I., Koning, D., Ladell, K., McLaren, J. E., Grady, B. P., Schellens, I. M., ... & van Baarle, D. (2015). Complex T-Cell Receptor Repertoire Dynamics Underlie the CD8+ T-Cell Response to HIV-1. Journal of virology, 89(1), 110-119.",MHC-peptide-TCR.xlsx.
TRBV5-1,CASSLYSIGSGNTIYF,TRBJ1-3,FLKEKGGL,HIV-1,"Costa, A. I., Koning, D., Ladell, K., McLaren, J. E., Grady, B. P., Schellens, I. M., ... & van Baarle, D. (2015). Complex T-Cell Receptor Repertoire Dynamics Underlie the CD8+ T-Cell Response to HIV-1. Journal of virology, 89(1), 110-119.",MHC-peptide-TCR.xlsx.
TRBV27,CASSLLDRVREDTQYF,TRBJ2-3,FLKEKGGL,HIV-1,"Costa, A. I., Koning, D., Ladell, K., McLaren, J. E., Grady, B. P., Schellens, I. M., ... & van Baarle, D. (2015). Complex T-Cell Receptor Repertoire Dynamics Underlie the CD8+ T-Cell Response to HIV-1. Journal of virology, 89(1), 110-119.",MHC-peptide-TCR.xlsx.
TRBV6-5,CASSYQTGTGTYDHTF,TRBJ1-2,FLKEKGGL,HIV-1,"Costa, A. I., Koning, D., Ladell, K., McLaren, J. E., Grady, B. P., Schellens, I. M., ... & van Baarle, D. (2015). Complex T-Cell Receptor Repertoire Dynamics Underlie the CD8+ T-Cell Response to HIV-1. Journal of virology, 89(1), 110-119.",MHC-peptide-TCR.xlsx.
TRBV2,CASSELAGLGTEAFF,TRBJ1-1,FLKEKGGL,HIV-1,"Costa, A. I., Koning, D., Ladell, K., McLaren, J. E., Grady, B. P., Schellens, I. M., ... & van Baarle, D. (2015). Complex T-Cell Receptor Repertoire Dynamics Underlie the CD8+ T-Cell Response to HIV-1. Journal of virology, 89(1), 110-119.",MHC-peptide-TCR.xlsx.
TRBV5-6,CASSWGIGSQQETQYF,TRBJ2-5,FLKEKGGL,HIV-1,"Costa, A. I., Koning, D., Ladell, K., McLaren, J. E., Grady, B. P., Schellens, I. M., ... & van Baarle, D. (2015). Complex T-Cell Receptor Repertoire Dynamics Underlie the CD8+ T-Cell Response to HIV-1. Journal of virology, 89(1), 110-119.",MHC-peptide-TCR.xlsx.
TRBV11-2,CASSFTTSGTIPNEQFF,TRBJ2-1,FLKEKGGL,HIV-1,"Costa, A. I., Koning, D., Ladell, K., McLaren, J. E., Grady, B. P., Schellens, I. M., ... & van Baarle, D. (2015). Complex T-Cell Receptor Repertoire Dynamics Underlie the CD8+ T-Cell Response to HIV-1. Journal of virology, 89(1), 110-119.",MHC-peptide-TCR.xlsx.
TRBV28,CASSPRDRRTWNEQFF,TRBJ1-4,FLKEKGGL,HIV-1,"Costa, A. I., Koning, D., Ladell, K., McLaren, J. E., Grady, B. P., Schellens, I. M., ... & van Baarle, D. (2015). Complex T-Cell Receptor Repertoire Dynamics Underlie the CD8+ T-Cell Response to HIV-1. Journal of virology, 89(1), 110-119.",MHC-peptide-TCR.xlsx.
TRBV27,CASGIGQGIALRELFF,TRBJ1-4,FLKEKGGL,HIV-1,"Costa, A. I., Koning, D., Ladell, K., McLaren, J. E., Grady, B. P., Schellens, I. M., ... & van Baarle, D. (2015). Complex T-Cell Receptor Repertoire Dynamics Underlie the CD8+ T-Cell Response to HIV-1. Journal of virology, 89(1), 110-119.",MHC-peptide-TCR.xlsx.
TRBV2,CASSEFGAGVYEQYF,TRBJ2-7,FLKEKGGL,HIV-1,"Costa, A. I., Koning, D., Ladell, K., McLaren, J. E., Grady, B. P., Schellens, I. M., ... & van Baarle, D. (2015). Complex T-Cell Receptor Repertoire Dynamics Underlie the CD8+ T-Cell Response to HIV-1. Journal of virology, 89(1), 110-119.",MHC-peptide-TCR.xlsx.
TRBV5-6,CTSSAGTGSAQETQYF,TRBJ2-5,FLKEKGGL,HIV-1,"Costa, A. I., Koning, D., Ladell, K., McLaren, J. E., Grady, B. P., Schellens, I. M., ... & van Baarle, D. (2015). Complex T-Cell Receptor Repertoire Dynamics Underlie the CD8+ T-Cell Response to HIV-1. Journal of virology, 89(1), 110-119.",MHC-peptide-TCR.xlsx.
TRBV7-9,CASSLLAGLSYNEQFF,TRBJ2-1,FLKEKGGL,HIV-1,"Costa, A. I., Koning, D., Ladell, K., McLaren, J. E., Grady, B. P., Schellens, I. M., ... & van Baarle, D. (2015). Complex T-Cell Receptor Repertoire Dynamics Underlie the CD8+ T-Cell Response to HIV-1. Journal of virology, 89(1), 110-119.",MHC-peptide-TCR.xlsx.
TRBV20-1,CSARDFLADSTDTQYF,TRBJ2-3,FLKEKGGL,HIV-1,"Costa, A. I., Koning, D., Ladell, K., McLaren, J. E., Grady, B. P., Schellens, I. M., ... & van Baarle, D. (2015). Complex T-Cell Receptor Repertoire Dynamics Underlie the CD8+ T-Cell Response to HIV-1. Journal of virology, 89(1), 110-119.",MHC-peptide-TCR.xlsx.
TRBV6-6,CASRSTSGDRDTQYF,TRBJ2-3,FLKEKGGL,HIV-1,"Costa, A. I., Koning, D., Ladell, K., McLaren, J. E., Grady, B. P., Schellens, I. M., ... & van Baarle, D. (2015). Complex T-Cell Receptor Repertoire Dynamics Underlie the CD8+ T-Cell Response to HIV-1. Journal of virology, 89(1), 110-119.",MHC-peptide-TCR.xlsx.
TRBV11-2,CASSLIPGITGELFF,TRBJ2-2,FLKEKGGL,HIV-1,"Costa, A. I., Koning, D., Ladell, K., McLaren, J. E., Grady, B. P., Schellens, I. M., ... & van Baarle, D. (2015). Complex T-Cell Receptor Repertoire Dynamics Underlie the CD8+ T-Cell Response to HIV-1. Journal of virology, 89(1), 110-119.",MHC-peptide-TCR.xlsx.
TRBV3-1,CASSQEWSYEQYF,TRBJ2-7,FLKEKGGL,HIV-1,"Costa, A. I., Koning, D., Ladell, K., McLaren, J. E., Grady, B. P., Schellens, I. M., ... & van Baarle, D. (2015). Complex T-Cell Receptor Repertoire Dynamics Underlie the CD8+ T-Cell Response to HIV-1. Journal of virology, 89(1), 110-119.",MHC-peptide-TCR.xlsx.
TRBV28,CASTVARDGGELFF,TRBJ2-2,FLKEKGGL,HIV-1,"Costa, A. I., Koning, D., Ladell, K., McLaren, J. E., Grady, B. P., Schellens, I. M., ... & van Baarle, D. (2015). Complex T-Cell Receptor Repertoire Dynamics Underlie the CD8+ T-Cell Response to HIV-1. Journal of virology, 89(1), 110-119.",MHC-peptide-TCR.xlsx.
TRBV12-3,CASSYGLNTEAFF,TRBJ1-1,FLKEKGGL,HIV-1,"Costa, A. I., Koning, D., Ladell, K., McLaren, J. E., Grady, B. P., Schellens, I. M., ... & van Baarle, D. (2015). Complex T-Cell Receptor Repertoire Dynamics Underlie the CD8+ T-Cell Response to HIV-1. Journal of virology, 89(1), 110-119.",MHC-peptide-TCR.xlsx.
TRBV9,CASSALSGRVSTDTQYF,TRBJ2-3,FLKEKGGL,HIV-1,"Costa, A. I., Koning, D., Ladell, K., McLaren, J. E., Grady, B. P., Schellens, I. M., ... & van Baarle, D. (2015). Complex T-Cell Receptor Repertoire Dynamics Underlie the CD8+ T-Cell Response to HIV-1. Journal of virology, 89(1), 110-119.",MHC-peptide-TCR.xlsx.
TRBV5-1,CASSPAGVGETQYF,TRBJ2-5,FLKEKGGL,HIV-1,"Costa, A. I., Koning, D., Ladell, K., McLaren, J. E., Grady, B. P., Schellens, I. M., ... & van Baarle, D. (2015). Complex T-Cell Receptor Repertoire Dynamics Underlie the CD8+ T-Cell Response to HIV-1. Journal of virology, 89(1), 110-119.",MHC-peptide-TCR.xlsx.
TRBV19,CASSISGIGTGELFF,TRBJ2-2,FLKEKGGL,HIV-1,"Costa, A. I., Koning, D., Ladell, K., McLaren, J. E., Grady, B. P., Schellens, I. M., ... & van Baarle, D. (2015). Complex T-Cell Receptor Repertoire Dynamics Underlie the CD8+ T-Cell Response to HIV-1. Journal of virology, 89(1), 110-119.",MHC-peptide-TCR.xlsx.
TRBV9,CASSVDGFLVGYNEQFF,TRBJ2-1,FLKEKGGL,HIV-1,"Costa, A. I., Koning, D., Ladell, K., McLaren, J. E., Grady, B. P., Schellens, I. M., ... & van Baarle, D. (2015). Complex T-Cell Receptor Repertoire Dynamics Underlie the CD8+ T-Cell Response to HIV-1. Journal of virology, 89(1), 110-119.",MHC-peptide-TCR.xlsx.
TRBV7-9,CASSRAGADYNEQFF,TRBJ2-1,FLKEKGGL,HIV-1,"Costa, A. I., Koning, D., Ladell, K., McLaren, J. E., Grady, B. P., Schellens, I. M., ... & van Baarle, D. (2015). Complex T-Cell Receptor Repertoire Dynamics Underlie the CD8+ T-Cell Response to HIV-1. Journal of virology, 89(1), 110-119.",MHC-peptide-TCR.xlsx.
TRBV29,CSGPGPVLLGDQPQHF,TRBJ1-5,FLKEKGGL,HIV-1,"Costa, A. I., Koning, D., Ladell, K., McLaren, J. E., Grady, B. P., Schellens, I. M., ... & van Baarle, D. (2015). Complex T-Cell Receptor Repertoire Dynamics Underlie the CD8+ T-Cell Response to HIV-1. Journal of virology, 89(1), 110-119.",MHC-peptide-TCR.xlsx.
TRBV7-6,CASSLGTGGNQPQHF,TRBJ1-5,FLKEKGGL,HIV-1,"Costa, A. I., Koning, D., Ladell, K., McLaren, J. E., Grady, B. P., Schellens, I. M., ... & van Baarle, D. (2015). Complex T-Cell Receptor Repertoire Dynamics Underlie the CD8+ T-Cell Response to HIV-1. Journal of virology, 89(1), 110-119.",MHC-peptide-TCR.xlsx.
TRBV6-1,CASRYLRGEGAHPSNTEAFF,TRBJ1-1,FLKEKGGL,HIV-1,"Costa, A. I., Koning, D., Ladell, K., McLaren, J. E., Grady, B. P., Schellens, I. M., ... & van Baarle, D. (2015). Complex T-Cell Receptor Repertoire Dynamics Underlie the CD8+ T-Cell Response to HIV-1. Journal of virology, 89(1), 110-119.",MHC-peptide-TCR.xlsx.
TRBV5-1,CASSLGLIYEQYF,TRBJ2-7,FLKEKGGL,HIV-1,"Costa, A. I., Koning, D., Ladell, K., McLaren, J. E., Grady, B. P., Schellens, I. M., ... & van Baarle, D. (2015). Complex T-Cell Receptor Repertoire Dynamics Underlie the CD8+ T-Cell Response to HIV-1. Journal of virology, 89(1), 110-119.",MHC-peptide-TCR.xlsx.
TRBV6-5,CASRNRPGQASYEQYF,TRBJ2-7,FLKEKGGL,HIV-1,"Costa, A. I., Koning, D., Ladell, K., McLaren, J. E., Grady, B. P., Schellens, I. M., ... & van Baarle, D. (2015). Complex T-Cell Receptor Repertoire Dynamics Underlie the CD8+ T-Cell Response to HIV-1. Journal of virology, 89(1), 110-119.",MHC-peptide-TCR.xlsx.
TRBV7-6,CASSQGSGILDSPLHF,TRBJ1-6,FLKEKGGL,HIV-1,"Costa, A. I., Koning, D., Ladell, K., McLaren, J. E., Grady, B. P., Schellens, I. M., ... & van Baarle, D. (2015). Complex T-Cell Receptor Repertoire Dynamics Underlie the CD8+ T-Cell Response to HIV-1. Journal of virology, 89(1), 110-119.",MHC-peptide-TCR.xlsx.
TRBV7-2,CASSSLGGGRGINSPLHF,TRBJ1-6,FLKEKGGL,HIV-1,"Costa, A. I., Koning, D., Ladell, K., McLaren, J. E., Grady, B. P., Schellens, I. M., ... & van Baarle, D. (2015). Complex T-Cell Receptor Repertoire Dynamics Underlie the CD8+ T-Cell Response to HIV-1. Journal of virology, 89(1), 110-119.",MHC-peptide-TCR.xlsx.
TRBV4-3,CASSQGLGQGSYEQYF,TRBJ2-7,FLKEKGGL,HIV-1,"Costa, A. I., Koning, D., Ladell, K., McLaren, J. E., Grady, B. P., Schellens, I. M., ... & van Baarle, D. (2015). Complex T-Cell Receptor Repertoire Dynamics Underlie the CD8+ T-Cell Response to HIV-1. Journal of virology, 89(1), 110-119.",MHC-peptide-TCR.xlsx.
TRBV7-9,CASSLVPDTQYF,TRBJ2-1,FLKEKGGL,HIV-1,"Costa, A. I., Koning, D., Ladell, K., McLaren, J. E., Grady, B. P., Schellens, I. M., ... & van Baarle, D. (2015). Complex T-Cell Receptor Repertoire Dynamics Underlie the CD8+ T-Cell Response to HIV-1. Journal of virology, 89(1), 110-119.",MHC-peptide-TCR.xlsx.
TRBV7-9,CASSLAPGTSGSPYNEQFF,TRBJ2-1,FLKEKGGL,HIV-1,"Costa, A. I., Koning, D., Ladell, K., McLaren, J. E., Grady, B. P., Schellens, I. M., ... & van Baarle, D. (2015). Complex T-Cell Receptor Repertoire Dynamics Underlie the CD8+ T-Cell Response to HIV-1. Journal of virology, 89(1), 110-119.",MHC-peptide-TCR.xlsx.
TRBV14,CASSLGTGIANYGYTF,TRBJ2-1,FLKEKGGL,HIV-1,"Costa, A. I., Koning, D., Ladell, K., McLaren, J. E., Grady, B. P., Schellens, I. M., ... & van Baarle, D. (2015). Complex T-Cell Receptor Repertoire Dynamics Underlie the CD8+ T-Cell Response to HIV-1. Journal of virology, 89(1), 110-119.",MHC-peptide-TCR.xlsx.
TRBV24-1,CATKGTGLYNEQFF,TRBJ2-1,FLKEKGGL,HIV-1,"Costa, A. I., Koning, D., Ladell, K., McLaren, J. E., Grady, B. P., Schellens, I. M., ... & van Baarle, D. (2015). Complex T-Cell Receptor Repertoire Dynamics Underlie the CD8+ T-Cell Response to HIV-1. Journal of virology, 89(1), 110-119.",MHC-peptide-TCR.xlsx.
TRBV20-1,CSARDGTGNGYT,TRBJ1-2,GLCTLVAML,EBV,"Venturi, V., Chin, H. Y., Asher, T. E., Ladell, K., Scheinberg, P., Bornstein, E., ... & Davenport, M. P. (2008). TCR -chain sharing in human CD8+ T cell responses to cytomegalovirus and EBV. The Journal of Immunology, 181(11), 7853-7862.",MHC-peptide-TCR.xlsx.
TRBV20-1,CSARDRTGNGYT,TRBJ1-2,GLCTLVAML,EBV,"Venturi, V., Chin, H. Y., Asher, T. E., Ladell, K., Scheinberg, P., Bornstein, E., ... & Davenport, M. P. (2008). TCR -chain sharing in human CD8+ T cell responses to cytomegalovirus and EBV. The Journal of Immunology, 181(11), 7853-7862.",MHC-peptide-TCR.xlsx.
TRBV20-1,CSARDRVGNTIY,TRBJ1-3,GLCTLVAML,EBV,"Venturi, V., Chin, H. Y., Asher, T. E., Ladell, K., Scheinberg, P., Bornstein, E., ... & Davenport, M. P. (2008). TCR -chain sharing in human CD8+ T cell responses to cytomegalovirus and EBV. The Journal of Immunology, 181(11), 7853-7862.",MHC-peptide-TCR.xlsx.
TRBV20-1,CSARVGVGNTIY,TRBJ1-3,GLCTLVAML,EBV,"Venturi, V., Chin, H. Y., Asher, T. E., Ladell, K., Scheinberg, P., Bornstein, E., ... & Davenport, M. P. (2008). TCR -chain sharing in human CD8+ T cell responses to cytomegalovirus and EBV. The Journal of Immunology, 181(11), 7853-7862.",MHC-peptide-TCR.xlsx.
TRBV29-1,CSVGTGGTNEKLF,TRBJ1-4,GLCTLVAML,EBV,"Venturi, V., Chin, H. Y., Asher, T. E., Ladell, K., Scheinberg, P., Bornstein, E., ... & Davenport, M. P. (2008). TCR -chain sharing in human CD8+ T cell responses to cytomegalovirus and EBV. The Journal of Immunology, 181(11), 7853-7862.",MHC-peptide-TCR.xlsx.
TRBV29-1,CSSQEGGYGYT,TRBJ1-2,GLCTLVAML,EBV,"Venturi, V., Chin, H. Y., Asher, T. E., Ladell, K., Scheinberg, P., Bornstein, E., ... & Davenport, M. P. (2008). TCR -chain sharing in human CD8+ T cell responses to cytomegalovirus and EBV. The Journal of Immunology, 181(11), 7853-7862.",MHC-peptide-TCR.xlsx.
TRBV20-1,CSARDQTGNGYT,TRBJ1-2,GLCTLVAML,EBV,"Venturi, V., Chin, H. Y., Asher, T. E., Ladell, K., Scheinberg, P., Bornstein, E., ... & Davenport, M. P. (2008). TCR -chain sharing in human CD8+ T cell responses to cytomegalovirus and EBV. The Journal of Immunology, 181(11), 7853-7862.",MHC-peptide-TCR.xlsx.
TRBV20-1,CSARDRIGNGYT,TRBJ1-2,GLCTLVAML,EBV,"Venturi, V., Chin, H. Y., Asher, T. E., Ladell, K., Scheinberg, P., Bornstein, E., ... & Davenport, M. P. (2008). TCR -chain sharing in human CD8+ T cell responses to cytomegalovirus and EBV. The Journal of Immunology, 181(11), 7853-7862.",MHC-peptide-TCR.xlsx.
TRBV20-1,CSARIGVGNTIY,TRBJ1-3,GLCTLVAML,EBV,"Venturi, V., Chin, H. Y., Asher, T. E., Ladell, K., Scheinberg, P., Bornstein, E., ... & Davenport, M. P. (2008). TCR -chain sharing in human CD8+ T cell responses to cytomegalovirus and EBV. The Journal of Immunology, 181(11), 7853-7862.",MHC-peptide-TCR.xlsx.
TRBV20-1,CSARSGVGNTIY,TRBJ1-3,GLCTLVAML,EBV,"Venturi, V., Chin, H. Y., Asher, T. E., Ladell, K., Scheinberg, P., Bornstein, E., ... & Davenport, M. P. (2008). TCR -chain sharing in human CD8+ T cell responses to cytomegalovirus and EBV. The Journal of Immunology, 181(11), 7853-7862.",MHC-peptide-TCR.xlsx.
TRBV2,CASSEGRVSPGELF,TRBJ2-2,GLCTLVAML,EBV,"Venturi, V., Chin, H. Y., Asher, T. E., Ladell, K., Scheinberg, P., Bornstein, E., ... & Davenport, M. P. (2008). TCR -chain sharing in human CD8+ T cell responses to cytomegalovirus and EBV. The Journal of Immunology, 181(11), 7853-7862.",MHC-peptide-TCR.xlsx.
TRBV27,CASSSRTGELFF,TRBJ2-2,KRWIILGLNK,HIV-1,"Costa, A. I., Koning, D., Ladell, K., McLaren, J. E., Grady, B. P., Schellens, I. M., ... & van Baarle, D. (2015). Complex T-Cell Receptor Repertoire Dynamics Underlie the CD8+ T-Cell Response to HIV-1. Journal of virology, 89(1), 110-119.",MHC-peptide-TCR.xlsx.
TRBV4-3,CASSPGRLSHEQFF,TRBJ2-1,KRWIILGLNK,HIV-1,"Costa, A. I., Koning, D., Ladell, K., McLaren, J. E., Grady, B. P., Schellens, I. M., ... & van Baarle, D. (2015). Complex T-Cell Receptor Repertoire Dynamics Underlie the CD8+ T-Cell Response to HIV-1. Journal of virology, 89(1), 110-119.",MHC-peptide-TCR.xlsx.
TRBV27,CASSAQTGFLFF,TRBJ1-4,KRWIILGLNK,HIV-1,"Costa, A. I., Koning, D., Ladell, K., McLaren, J. E., Grady, B. P., Schellens, I. M., ... & van Baarle, D. (2015). Complex T-Cell Receptor Repertoire Dynamics Underlie the CD8+ T-Cell Response to HIV-1. Journal of virology, 89(1), 110-119.",MHC-peptide-TCR.xlsx.
TRBV4-3,CASSPGRTSHEQFF,TRBJ2-1,KRWIILGLNK,HIV-1,"Costa, A. I., Koning, D., Ladell, K., McLaren, J. E., Grady, B. P., Schellens, I. M., ... & van Baarle, D. (2015). Complex T-Cell Receptor Repertoire Dynamics Underlie the CD8+ T-Cell Response to HIV-1. Journal of virology, 89(1), 110-119.",MHC-peptide-TCR.xlsx.
TRBV7-9,CASSWDRNEQFF,TRBJ2-1,KRWIILGLNK,HIV-1,"Costa, A. I., Koning, D., Ladell, K., McLaren, J. E., Grady, B. P., Schellens, I. M., ... & van Baarle, D. (2015). Complex T-Cell Receptor Repertoire Dynamics Underlie the CD8+ T-Cell Response to HIV-1. Journal of virology, 89(1), 110-119.",MHC-peptide-TCR.xlsx.
TRBV4-3,CASSPGQLGNTIYF,TRBJ1-3,KRWIILGLNK,HIV-1,"Costa, A. I., Koning, D., Ladell, K., McLaren, J. E., Grady, B. P., Schellens, I. M., ... & van Baarle, D. (2015). Complex T-Cell Receptor Repertoire Dynamics Underlie the CD8+ T-Cell Response to HIV-1. Journal of virology, 89(1), 110-119.",MHC-peptide-TCR.xlsx.
TRBV4-3,CASSQGAGGIEQFF,TRBJ2-1,KRWIILGLNK,HIV-1,"Costa, A. I., Koning, D., Ladell, K., McLaren, J. E., Grady, B. P., Schellens, I. M., ... & van Baarle, D. (2015). Complex T-Cell Receptor Repertoire Dynamics Underlie the CD8+ T-Cell Response to HIV-1. Journal of virology, 89(1), 110-119.",MHC-peptide-TCR.xlsx.
TRBV27,CASSQRTGELFF,TRBJ2-2,KRWIILGLNK,HIV-1,"Costa, A. I., Koning, D., Ladell, K., McLaren, J. E., Grady, B. P., Schellens, I. M., ... & van Baarle, D. (2015). Complex T-Cell Receptor Repertoire Dynamics Underlie the CD8+ T-Cell Response to HIV-1. Journal of virology, 89(1), 110-119.",MHC-peptide-TCR.xlsx.
TRBV20-1,CSAREEARGYGYTF,TRBJ1-2,KRWIILGLNK,HIV-1,"Costa, A. I., Koning, D., Ladell, K., McLaren, J. E., Grady, B. P., Schellens, I. M., ... & van Baarle, D. (2015). Complex T-Cell Receptor Repertoire Dynamics Underlie the CD8+ T-Cell Response to HIV-1. Journal of virology, 89(1), 110-119.",MHC-peptide-TCR.xlsx.
TRBV7-9,CASSLDRDEQFF,TRBJ2-7,KRWIILGLNK,HIV-1,"Costa, A. I., Koning, D., Ladell, K., McLaren, J. E., Grady, B. P., Schellens, I. M., ... & van Baarle, D. (2015). Complex T-Cell Receptor Repertoire Dynamics Underlie the CD8+ T-Cell Response to HIV-1. Journal of virology, 89(1), 110-119.",MHC-peptide-TCR.xlsx.
TRBV7-9,CASSGGTGVFYEQYF,TRBJ2-7,KRWIILGLNK,HIV-1,"Costa, A. I., Koning, D., Ladell, K., McLaren, J. E., Grady, B. P., Schellens, I. M., ... & van Baarle, D. (2015). Complex T-Cell Receptor Repertoire Dynamics Underlie the CD8+ T-Cell Response to HIV-1. Journal of virology, 89(1), 110-119.",MHC-peptide-TCR.xlsx.
TRBV6-5,CASSPGQFAYEQYF,TRBJ2-7,KRWIILGLNK,HIV-1,"Costa, A. I., Koning, D., Ladell, K., McLaren, J. E., Grady, B. P., Schellens, I. M., ... & van Baarle, D. (2015). Complex T-Cell Receptor Repertoire Dynamics Underlie the CD8+ T-Cell Response to HIV-1. Journal of virology, 89(1), 110-119.",MHC-peptide-TCR.xlsx.
TRBV28,CASSLGLAGTHNEQFF,TRBJ2-1,KRWIILGLNK,HIV-1,"Costa, A. I., Koning, D., Ladell, K., McLaren, J. E., Grady, B. P., Schellens, I. M., ... & van Baarle, D. (2015). Complex T-Cell Receptor Repertoire Dynamics Underlie the CD8+ T-Cell Response to HIV-1. Journal of virology, 89(1), 110-119.",MHC-peptide-TCR.xlsx.
TRBV7-9,CASSSDRDEQYF,TRBJ2-7,KRWIILGLNK,HIV-1,"Costa, A. I., Koning, D., Ladell, K., McLaren, J. E., Grady, B. P., Schellens, I. M., ... & van Baarle, D. (2015). Complex T-Cell Receptor Repertoire Dynamics Underlie the CD8+ T-Cell Response to HIV-1. Journal of virology, 89(1), 110-119.",MHC-peptide-TCR.xlsx.
TRBV27,CASSPRTGELFF,TRBJ2-2,KRWIILGLNK,HIV-1,"Costa, A. I., Koning, D., Ladell, K., McLaren, J. E., Grady, B. P., Schellens, I. M., ... & van Baarle, D. (2015). Complex T-Cell Receptor Repertoire Dynamics Underlie the CD8+ T-Cell Response to HIV-1. Journal of virology, 89(1), 110-119.",MHC-peptide-TCR.xlsx.
TRBV27,CASLGGDPNYGYTF,TRBJ1-2,KRWIILGLNK,HIV-1,"Costa, A. I., Koning, D., Ladell, K., McLaren, J. E., Grady, B. P., Schellens, I. M., ... & van Baarle, D. (2015). Complex T-Cell Receptor Repertoire Dynamics Underlie the CD8+ T-Cell Response to HIV-1. Journal of virology, 89(1), 110-119.",MHC-peptide-TCR.xlsx.
TRBV27,CASSRVTGELFF,TRBJ2-2,KRWIILGLNK,HIV-1,"Costa, A. I., Koning, D., Ladell, K., McLaren, J. E., Grady, B. P., Schellens, I. M., ... & van Baarle, D. (2015). Complex T-Cell Receptor Repertoire Dynamics Underlie the CD8+ T-Cell Response to HIV-1. Journal of virology, 89(1), 110-119.",MHC-peptide-TCR.xlsx.
TRBV28,CASSSRQNTEAFF,TRBJ1-1,KRWIILGLNK,HIV-1,"Costa, A. I., Koning, D., Ladell, K., McLaren, J. E., Grady, B. P., Schellens, I. M., ... & van Baarle, D. (2015). Complex T-Cell Receptor Repertoire Dynamics Underlie the CD8+ T-Cell Response to HIV-1. Journal of virology, 89(1), 110-119.",MHC-peptide-TCR.xlsx.
TRBV10-1,CASSSTRNGEQFF,TRBJ2-1,KRWIILGLNK,HIV-1,"Costa, A. I., Koning, D., Ladell, K., McLaren, J. E., Grady, B. P., Schellens, I. M., ... & van Baarle, D. (2015). Complex T-Cell Receptor Repertoire Dynamics Underlie the CD8+ T-Cell Response to HIV-1. Journal of virology, 89(1), 110-119.",MHC-peptide-TCR.xlsx.
TRBV30,CAWRRSSTEAFF,TRBJ1-1,KRWIILGLNK,HIV-1,"Costa, A. I., Koning, D., Ladell, K., McLaren, J. E., Grady, B. P., Schellens, I. M., ... & van Baarle, D. (2015). Complex T-Cell Receptor Repertoire Dynamics Underlie the CD8+ T-Cell Response to HIV-1. Journal of virology, 89(1), 110-119.",MHC-peptide-TCR.xlsx.
TRBV27,CASRITGWSGVNTEAFF,TRBJ1-1,KRWIILGLNK,HIV-1,"Costa, A. I., Koning, D., Ladell, K., McLaren, J. E., Grady, B. P., Schellens, I. M., ... & van Baarle, D. (2015). Complex T-Cell Receptor Repertoire Dynamics Underlie the CD8+ T-Cell Response to HIV-1. Journal of virology, 89(1), 110-119.",MHC-peptide-TCR.xlsx.
TRBV20-1,CSARDRPESGYTF,TRBJ1-2,KRWIILGLNK,HIV-1,"Costa, A. I., Koning, D., Ladell, K., McLaren, J. E., Grady, B. P., Schellens, I. M., ... & van Baarle, D. (2015). Complex T-Cell Receptor Repertoire Dynamics Underlie the CD8+ T-Cell Response to HIV-1. Journal of virology, 89(1), 110-119.",MHC-peptide-TCR.xlsx.
TRBV7-9,CASSYDRDEQFF,TRBJ2-1,KRWIILGLNK,HIV-1,"Costa, A. I., Koning, D., Ladell, K., McLaren, J. E., Grady, B. P., Schellens, I. M., ... & van Baarle, D. (2015). Complex T-Cell Receptor Repertoire Dynamics Underlie the CD8+ T-Cell Response to HIV-1. Journal of virology, 89(1), 110-119.",MHC-peptide-TCR.xlsx.
TRBV4-3,CASSPGTSSSYNEQFF,TRBJ2-1,KRWIILGLNK,HIV-1,"Costa, A. I., Koning, D., Ladell, K., McLaren, J. E., Grady, B. P., Schellens, I. M., ... & van Baarle, D. (2015). Complex T-Cell Receptor Repertoire Dynamics Underlie the CD8+ T-Cell Response to HIV-1. Journal of virology, 89(1), 110-119.",MHC-peptide-TCR.xlsx.
TRBV14,CASSQEFLAVEQFF,TRBJ2-1,KRWIILGLNK,HIV-1,"Costa, A. I., Koning, D., Ladell, K., McLaren, J. E., Grady, B. P., Schellens, I. M., ... & van Baarle, D. (2015). Complex T-Cell Receptor Repertoire Dynamics Underlie the CD8+ T-Cell Response to HIV-1. Journal of virology, 89(1), 110-119.",MHC-peptide-TCR.xlsx.
TRBV27,CASSAQTGELFF,TRBJ1-4,KRWIILGLNK,HIV-1,"Costa, A. I., Koning, D., Ladell, K., McLaren, J. E., Grady, B. P., Schellens, I. M., ... & van Baarle, D. (2015). Complex T-Cell Receptor Repertoire Dynamics Underlie the CD8+ T-Cell Response to HIV-1. Journal of virology, 89(1), 110-119.",MHC-peptide-TCR.xlsx.
TRBV4-3,CASSPGLLSNEQYF,TRBJ2-7,KRWIILGLNK,HIV-1,"Costa, A. I., Koning, D., Ladell, K., McLaren, J. E., Grady, B. P., Schellens, I. M., ... & van Baarle, D. (2015). Complex T-Cell Receptor Repertoire Dynamics Underlie the CD8+ T-Cell Response to HIV-1. Journal of virology, 89(1), 110-119.",MHC-peptide-TCR.xlsx.
TRBV4-3,CASSPGQVAYEQYF,TRBJ2-7,KRWIILGLNK,HIV-1,"Costa, A. I., Koning, D., Ladell, K., McLaren, J. E., Grady, B. P., Schellens, I. M., ... & van Baarle, D. (2015). Complex T-Cell Receptor Repertoire Dynamics Underlie the CD8+ T-Cell Response to HIV-1. Journal of virology, 89(1), 110-119.",MHC-peptide-TCR.xlsx.
TRBV4-3,CASSQGVLAYEQYF,TRBJ2-7,KRWIILGLNK,HIV-1,"Costa, A. I., Koning, D., Ladell, K., McLaren, J. E., Grady, B. P., Schellens, I. M., ... & van Baarle, D. (2015). Complex T-Cell Receptor Repertoire Dynamics Underlie the CD8+ T-Cell Response to HIV-1. Journal of virology, 89(1), 110-119.",MHC-peptide-TCR.xlsx.
TRBV7-9,CASSLDRGEQFF,TRBJ2-1,KRWIILGLNK,HIV-1,"Costa, A. I., Koning, D., Ladell, K., McLaren, J. E., Grady, B. P., Schellens, I. M., ... & van Baarle, D. (2015). Complex T-Cell Receptor Repertoire Dynamics Underlie the CD8+ T-Cell Response to HIV-1. Journal of virology, 89(1), 110-119.",MHC-peptide-TCR.xlsx.
TRBV4-3,CASSAGISAYEQYF,TRBJ2-7,KRWIILGLNK,HIV-1,"Costa, A. I., Koning, D., Ladell, K., McLaren, J. E., Grady, B. P., Schellens, I. M., ... & van Baarle, D. (2015). Complex T-Cell Receptor Repertoire Dynamics Underlie the CD8+ T-Cell Response to HIV-1. Journal of virology, 89(1), 110-119.",MHC-peptide-TCR.xlsx.
TRBV20-1,CSARARSDSYGYTF,TRBJ1-2,KRWIILGLNK,HIV-1,"Costa, A. I., Koning, D., Ladell, K., McLaren, J. E., Grady, B. P., Schellens, I. M., ... & van Baarle, D. (2015). Complex T-Cell Receptor Repertoire Dynamics Underlie the CD8+ T-Cell Response to HIV-1. Journal of virology, 89(1), 110-119.",MHC-peptide-TCR.xlsx.
TRBV20-1,CSAREGVAGALYEQYF,TRBJ2-7,KRWIILGLNK,HIV-1,"Costa, A. I., Koning, D., Ladell, K., McLaren, J. E., Grady, B. P., Schellens, I. M., ... & van Baarle, D. (2015). Complex T-Cell Receptor Repertoire Dynamics Underlie the CD8+ T-Cell Response to HIV-1. Journal of virology, 89(1), 110-119.",MHC-peptide-TCR.xlsx.
TRBV7-9,CASSLDSYEQYF,TRBJ2-7,KRWIILGLNK,HIV-1,"Costa, A. I., Koning, D., Ladell, K., McLaren, J. E., Grady, B. P., Schellens, I. M., ... & van Baarle, D. (2015). Complex T-Cell Receptor Repertoire Dynamics Underlie the CD8+ T-Cell Response to HIV-1. Journal of virology, 89(1), 110-119.",MHC-peptide-TCR.xlsx.
TRBV21-1,CASKNRPTGNTIYF,TRBJ1-3,KRWIILGLNK,HIV-1,"Costa, A. I., Koning, D., Ladell, K., McLaren, J. E., Grady, B. P., Schellens, I. M., ... & van Baarle, D. (2015). Complex T-Cell Receptor Repertoire Dynamics Underlie the CD8+ T-Cell Response to HIV-1. Journal of virology, 89(1), 110-119.",MHC-peptide-TCR.xlsx.
TRBV15,CATSMGQTTYEQYF,TRBJ2-7,KRWIILGLNK,HIV-1,"Costa, A. I., Koning, D., Ladell, K., McLaren, J. E., Grady, B. P., Schellens, I. M., ... & van Baarle, D. (2015). Complex T-Cell Receptor Repertoire Dynamics Underlie the CD8+ T-Cell Response to HIV-1. Journal of virology, 89(1), 110-119.",MHC-peptide-TCR.xlsx.
TRBV9,CASSVVSDNEQFF,TRBJ2-1,KRWIILGLNK,HIV-1,"Costa, A. I., Koning, D., Ladell, K., McLaren, J. E., Grady, B. P., Schellens, I. M., ... & van Baarle, D. (2015). Complex T-Cell Receptor Repertoire Dynamics Underlie the CD8+ T-Cell Response to HIV-1. Journal of virology, 89(1), 110-119.",MHC-peptide-TCR.xlsx.
TRBV12-5,CASGFGGTEAFF,TRBJ1-1,KRWIILGLNK,HIV-1,"Costa, A. I., Koning, D., Ladell, K., McLaren, J. E., Grady, B. P., Schellens, I. M., ... & van Baarle, D. (2015). Complex T-Cell Receptor Repertoire Dynamics Underlie the CD8+ T-Cell Response to HIV-1. Journal of virology, 89(1), 110-119.",MHC-peptide-TCR.xlsx.
TRBV4-3,CASSQGTSDYEQYF,TRBJ2-7,KRWIILGLNK,HIV-1,"Costa, A. I., Koning, D., Ladell, K., McLaren, J. E., Grady, B. P., Schellens, I. M., ... & van Baarle, D. (2015). Complex T-Cell Receptor Repertoire Dynamics Underlie the CD8+ T-Cell Response to HIV-1. Journal of virology, 89(1), 110-119.",MHC-peptide-TCR.xlsx.
TRBV4-3,CASSQGRGDYGYTF,TRBJ1-2,KRWIILGLNK,HIV-1,"Costa, A. I., Koning, D., Ladell, K., McLaren, J. E., Grady, B. P., Schellens, I. M., ... & van Baarle, D. (2015). Complex T-Cell Receptor Repertoire Dynamics Underlie the CD8+ T-Cell Response to HIV-1. Journal of virology, 89(1), 110-119.",MHC-peptide-TCR.xlsx.
TRBV4-3,CASATGIFNNEQFF,TRBJ2-1,KRWIILGLNK,HIV-1,"Costa, A. I., Koning, D., Ladell, K., McLaren, J. E., Grady, B. P., Schellens, I. M., ... & van Baarle, D. (2015). Complex T-Cell Receptor Repertoire Dynamics Underlie the CD8+ T-Cell Response to HIV-1. Journal of virology, 89(1), 110-119.",MHC-peptide-TCR.xlsx.
TRBV6-1,CASSPGQFSHEQYF,TRBJ2-7,KRWIILGLNK,HIV-1,"Costa, A. I., Koning, D., Ladell, K., McLaren, J. E., Grady, B. P., Schellens, I. M., ... & van Baarle, D. (2015). Complex T-Cell Receptor Repertoire Dynamics Underlie the CD8+ T-Cell Response to HIV-1. Journal of virology, 89(1), 110-119.",MHC-peptide-TCR.xlsx.
TRBV5-1,CASSPDVGGAFFYGYTF,TRBJ1-2,KRWIILGLNK,HIV-1,"Costa, A. I., Koning, D., Ladell, K., McLaren, J. E., Grady, B. P., Schellens, I. M., ... & van Baarle, D. (2015). Complex T-Cell Receptor Repertoire Dynamics Underlie the CD8+ T-Cell Response to HIV-1. Journal of virology, 89(1), 110-119.",MHC-peptide-TCR.xlsx.
TRBV20-1,CSAREGQGSIEQYF,TRBJ2-7,KRWIILGLNK,HIV-1,"Costa, A. I., Koning, D., Ladell, K., McLaren, J. E., Grady, B. P., Schellens, I. M., ... & van Baarle, D. (2015). Complex T-Cell Receptor Repertoire Dynamics Underlie the CD8+ T-Cell Response to HIV-1. Journal of virology, 89(1), 110-119.",MHC-peptide-TCR.xlsx.
TRBV4-3,CASSTGLAGGKEQYF,TRBJ2-7,KRWIILGLNK,HIV-1,"Costa, A. I., Koning, D., Ladell, K., McLaren, J. E., Grady, B. P., Schellens, I. M., ... & van Baarle, D. (2015). Complex T-Cell Receptor Repertoire Dynamics Underlie the CD8+ T-Cell Response to HIV-1. Journal of virology, 89(1), 110-119.",MHC-peptide-TCR.xlsx.
TRBV9,CAGSVVSDNEQFF,TRBJ2-1,KRWIILGLNK,HIV-1,"Costa, A. I., Koning, D., Ladell, K., McLaren, J. E., Grady, B. P., Schellens, I. M., ... & van Baarle, D. (2015). Complex T-Cell Receptor Repertoire Dynamics Underlie the CD8+ T-Cell Response to HIV-1. Journal of virology, 89(1), 110-119.",MHC-peptide-TCR.xlsx.
TRBV12-4,CASSSANYGYT,TRBJ1-2,NLVPMVATV,CMV,"Venturi, V., Chin, H. Y., Asher, T. E., Ladell, K., Scheinberg, P., Bornstein, E., ... & Davenport, M. P. (2008). TCR -chain sharing in human CD8+ T cell responses to cytomegalovirus and EBV. The Journal of Immunology, 181(11), 7853-7862.",MHC-peptide-TCR.xlsx.
TRBV7-6,CASSLAPGATNEKLF,TRBJ1-4,NLVPMVATV,CMV,"Venturi, V., Chin, H. Y., Asher, T. E., Ladell, K., Scheinberg, P., Bornstein, E., ... & Davenport, M. P. (2008). TCR -chain sharing in human CD8+ T cell responses to cytomegalovirus and EBV. The Journal of Immunology, 181(11), 7853-7862.",MHC-peptide-TCR.xlsx.
TRBV12-4,CASSSAHYGYT,TRBJ1-2,NLVPMVATV,CMV,"Venturi, V., Chin, H. Y., Asher, T. E., Ladell, K., Scheinberg, P., Bornstein, E., ... & Davenport, M. P. (2008). TCR -chain sharing in human CD8+ T cell responses to cytomegalovirus and EBV. The Journal of Immunology, 181(11), 7853-7862.",MHC-peptide-TCR.xlsx.
TRBV27,CASSLEGYTEAF,TRBJ1-1,NLVPMVATV,CMV,"Venturi, V., Chin, H. Y., Asher, T. E., Ladell, K., Scheinberg, P., Bornstein, E., ... & Davenport, M. P. (2008). TCR -chain sharing in human CD8+ T cell responses to cytomegalovirus and EBV. The Journal of Immunology, 181(11), 7853-7862.",MHC-peptide-TCR.xlsx.
TRBV12-4,CASSSAYYGYT,TRBJ1-2,NLVPMVATV,CMV,"Venturi, V., Chin, H. Y., Asher, T. E., Ladell, K., Scheinberg, P., Bornstein, E., ... & Davenport, M. P. (2008). TCR -chain sharing in human CD8+ T cell responses to cytomegalovirus and EBV. The Journal of Immunology, 181(11), 7853-7862.",MHC-peptide-TCR.xlsx.
TRBV12-4,CASSLVGGRYGYT,TRBJ1-2,NLVPMVATV,CMV,"Venturi, V., Chin, H. Y., Asher, T. E., Ladell, K., Scheinberg, P., Bornstein, E., ... & Davenport, M. P. (2008). TCR -chain sharing in human CD8+ T cell responses to cytomegalovirus and EBV. The Journal of Immunology, 181(11), 7853-7862.",MHC-peptide-TCR.xlsx.
TRBV12-4,CASSVVNEQF,TRBJ2-1,NLVPMVATV,CMV,"Venturi, V., Chin, H. Y., Asher, T. E., Ladell, K., Scheinberg, P., Bornstein, E., ... & Davenport, M. P. (2008). TCR -chain sharing in human CD8+ T cell responses to cytomegalovirus and EBV. The Journal of Immunology, 181(11), 7853-7862.",MHC-peptide-TCR.xlsx.
TRBV27,CASSLTSGSPYNEQF,TRBJ2-1,NLVPMVATV,CMV,"Venturi, V., Chin, H. Y., Asher, T. E., Ladell, K., Scheinberg, P., Bornstein, E., ... & Davenport, M. P. (2008). TCR -chain sharing in human CD8+ T cell responses to cytomegalovirus and EBV. The Journal of Immunology, 181(11), 7853-7862.",MHC-peptide-TCR.xlsx.
TRBV28,CASSFQGYTEAF,TRBJ1-1,NLVPMVATV,CMV,"Venturi, V., Chin, H. Y., Asher, T. E., Ladell, K., Scheinberg, P., Bornstein, E., ... & Davenport, M. P. (2008). TCR -chain sharing in human CD8+ T cell responses to cytomegalovirus and EBV. The Journal of Immunology, 181(11), 7853-7862.",MHC-peptide-TCR.xlsx.
TRBV2,CASSTPGEGGEQFF,TRBJ2-1,SLYNTVATL,HIV-1,"Costa, A. I., Koning, D., Ladell, K., McLaren, J. E., Grady, B. P., Schellens, I. M., ... & van Baarle, D. (2015). Complex T-Cell Receptor Repertoire Dynamics Underlie the CD8+ T-Cell Response to HIV-1. Journal of virology, 89(1), 110-119.",MHC-peptide-TCR.xlsx.
TRBV5-1,CASSFDAEQFF,TRBJ2-1,SLYNTVATL,HIV-1,"Costa, A. I., Koning, D., Ladell, K., McLaren, J. E., Grady, B. P., Schellens, I. M., ... & van Baarle, D. (2015). Complex T-Cell Receptor Repertoire Dynamics Underlie the CD8+ T-Cell Response to HIV-1. Journal of virology, 89(1), 110-119.",MHC-peptide-TCR.xlsx.
TRBV28,CASSDRTGGGETQYF,TRBJ2-5,SLYNTVATL,HIV-1,"Costa, A. I., Koning, D., Ladell, K., McLaren, J. E., Grady, B. P., Schellens, I. M., ... & van Baarle, D. (2015). Complex T-Cell Receptor Repertoire Dynamics Underlie the CD8+ T-Cell Response to HIV-1. Journal of virology, 89(1), 110-119.",MHC-peptide-TCR.xlsx.
TRBV11-2,CASSLEHEQYF,TRBJ2-7,SLYNTVATL,HIV-1,"Costa, A. I., Koning, D., Ladell, K., McLaren, J. E., Grady, B. P., Schellens, I. M., ... & van Baarle, D. (2015). Complex T-Cell Receptor Repertoire Dynamics Underlie the CD8+ T-Cell Response to HIV-1. Journal of virology, 89(1), 110-119.",MHC-peptide-TCR.xlsx.
TRBV27,CASSLFGGSGNTIYF,TRBJ1-3,SLYNTVATL,HIV-1,"Costa, A. I., Koning, D., Ladell, K., McLaren, J. E., Grady, B. P., Schellens, I. M., ... & van Baarle, D. (2015). Complex T-Cell Receptor Repertoire Dynamics Underlie the CD8+ T-Cell Response to HIV-1. Journal of virology, 89(1), 110-119.",MHC-peptide-TCR.xlsx.
TRBV6-5,CASSYGMGVGDRDTQYF,TRBJ2-3,SLYNTVATL,HIV-1,"Costa, A. I., Koning, D., Ladell, K., McLaren, J. E., Grady, B. P., Schellens, I. M., ... & van Baarle, D. (2015). Complex T-Cell Receptor Repertoire Dynamics Underlie the CD8+ T-Cell Response to HIV-1. Journal of virology, 89(1), 110-119.",MHC-peptide-TCR.xlsx.
TRBV27,CASSRTAGTYYNEQFF,TRBJ2-1,SLYNTVATL,HIV-1,"Costa, A. I., Koning, D., Ladell, K., McLaren, J. E., Grady, B. P., Schellens, I. M., ... & van Baarle, D. (2015). Complex T-Cell Receptor Repertoire Dynamics Underlie the CD8+ T-Cell Response to HIV-1. Journal of virology, 89(1), 110-119.",MHC-peptide-TCR.xlsx.
TRBV5-5,CASSLPTENTDTQYF,TRBJ2-3,SLYNTVATL,HIV-1,"Costa, A. I., Koning, D., Ladell, K., McLaren, J. E., Grady, B. P., Schellens, I. M., ... & van Baarle, D. (2015). Complex T-Cell Receptor Repertoire Dynamics Underlie the CD8+ T-Cell Response to HIV-1. Journal of virology, 89(1), 110-119.",MHC-peptide-TCR.xlsx.
TRBV12-4,CASSASTGGGYTF,TRBJ1-2,SLYNTVATL,HIV-1,"Costa, A. I., Koning, D., Ladell, K., McLaren, J. E., Grady, B. P., Schellens, I. M., ... & van Baarle, D. (2015). Complex T-Cell Receptor Repertoire Dynamics Underlie the CD8+ T-Cell Response to HIV-1. Journal of virology, 89(1), 110-119.",MHC-peptide-TCR.xlsx.
TRBV5-1,CASSFLAGGITDTQYF,TRBJ2-3,SLYNTVATL,HIV-1,"Costa, A. I., Koning, D., Ladell, K., McLaren, J. E., Grady, B. P., Schellens, I. M., ... & van Baarle, D. (2015). Complex T-Cell Receptor Repertoire Dynamics Underlie the CD8+ T-Cell Response to HIV-1. Journal of virology, 89(1), 110-119.",MHC-peptide-TCR.xlsx.
TRBV11-2,CASSLGAGRTEAFF,TRBJ1-1,SLYNTVATL,HIV-1,"Costa, A. I., Koning, D., Ladell, K., McLaren, J. E., Grady, B. P., Schellens, I. M., ... & van Baarle, D. (2015). Complex T-Cell Receptor Repertoire Dynamics Underlie the CD8+ T-Cell Response to HIV-1. Journal of virology, 89(1), 110-119.",MHC-peptide-TCR.xlsx.
TRBV20-1,CSAVPVSGVDEQFF,TRBJ2-1,SLYNTVATL,HIV-1,"Costa, A. I., Koning, D., Ladell, K., McLaren, J. E., Grady, B. P., Schellens, I. M., ... & van Baarle, D. (2015). Complex T-Cell Receptor Repertoire Dynamics Underlie the CD8+ T-Cell Response to HIV-1. Journal of virology, 89(1), 110-119.",MHC-peptide-TCR.xlsx.
TRBV19,CASSLERSNTEAFF,TRBJ1-1,SLYNTVATL,HIV-1,"Costa, A. I., Koning, D., Ladell, K., McLaren, J. E., Grady, B. P., Schellens, I. M., ... & van Baarle, D. (2015). Complex T-Cell Receptor Repertoire Dynamics Underlie the CD8+ T-Cell Response to HIV-1. Journal of virology, 89(1), 110-119.",MHC-peptide-TCR.xlsx.
TRBV4-3,CASSQEGAGITEAFF,TRBJ1-1,SLYNTVATL,HIV-1,"Costa, A. I., Koning, D., Ladell, K., McLaren, J. E., Grady, B. P., Schellens, I. M., ... & van Baarle, D. (2015). Complex T-Cell Receptor Repertoire Dynamics Underlie the CD8+ T-Cell Response to HIV-1. Journal of virology, 89(1), 110-119.",MHC-peptide-TCR.xlsx.
TRBV25-1,CASSEYRGKNTEAFF,TRBJ1-1,SLYNTVATL,HIV-1,"Costa, A. I., Koning, D., Ladell, K., McLaren, J. E., Grady, B. P., Schellens, I. M., ... & van Baarle, D. (2015). Complex T-Cell Receptor Repertoire Dynamics Underlie the CD8+ T-Cell Response to HIV-1. Journal of virology, 89(1), 110-119.",MHC-peptide-TCR.xlsx.
TRBV23-1,CASSGWTLRIYEQYF,TRBJ2-7,SLYNTVATL,HIV-1,"Costa, A. I., Koning, D., Ladell, K., McLaren, J. E., Grady, B. P., Schellens, I. M., ... & van Baarle, D. (2015). Complex T-Cell Receptor Repertoire Dynamics Underlie the CD8+ T-Cell Response to HIV-1. Journal of virology, 89(1), 110-119.",MHC-peptide-TCR.xlsx.
TRBV10-3,CAISEPGQQLYGYTF,TRBJ1-2,SLYNTVATL,HIV-1,"Costa, A. I., Koning, D., Ladell, K., McLaren, J. E., Grady, B. P., Schellens, I. M., ... & van Baarle, D. (2015). Complex T-Cell Receptor Repertoire Dynamics Underlie the CD8+ T-Cell Response to HIV-1. Journal of virology, 89(1), 110-119.",MHC-peptide-TCR.xlsx.
TRBV9,CASSVGVETGEQYF,TRBJ2-7,SLYNTVATL,HIV-1,"Costa, A. I., Koning, D., Ladell, K., McLaren, J. E., Grady, B. P., Schellens, I. M., ... & van Baarle, D. (2015). Complex T-Cell Receptor Repertoire Dynamics Underlie the CD8+ T-Cell Response to HIV-1. Journal of virology, 89(1), 110-119.",MHC-peptide-TCR.xlsx.
TRBV14,CASSQDRETQYF,TRBJ2-5,SLYNTVATL,HIV-1,"Costa, A. I., Koning, D., Ladell, K., McLaren, J. E., Grady, B. P., Schellens, I. M., ... & van Baarle, D. (2015). Complex T-Cell Receptor Repertoire Dynamics Underlie the CD8+ T-Cell Response to HIV-1. Journal of virology, 89(1), 110-119.",MHC-peptide-TCR.xlsx.
TRBV24-1,CATSDPIRASSHEQFF,TRBJ2-1,SLYNTVATL,HIV-1,"Costa, A. I., Koning, D., Ladell, K., McLaren, J. E., Grady, B. P., Schellens, I. M., ... & van Baarle, D. (2015). Complex T-Cell Receptor Repertoire Dynamics Underlie the CD8+ T-Cell Response to HIV-1. Journal of virology, 89(1), 110-119.",MHC-peptide-TCR.xlsx.
TRBV24-1,CATNDPIRASSHEQFF,TRBJ2-1,SLYNTVATL,HIV-1,"Costa, A. I., Koning, D., Ladell, K., McLaren, J. E., Grady, B. P., Schellens, I. M., ... & van Baarle, D. (2015). Complex T-Cell Receptor Repertoire Dynamics Underlie the CD8+ T-Cell Response to HIV-1. Journal of virology, 89(1), 110-119.",MHC-peptide-TCR.xlsx.
TRBV24-1,CATSDPIRASSHGQFF,TRBJ2-1,SLYNTVATL,HIV-1,"Costa, A. I., Koning, D., Ladell, K., McLaren, J. E., Grady, B. P., Schellens, I. M., ... & van Baarle, D. (2015). Complex T-Cell Receptor Repertoire Dynamics Underlie the CD8+ T-Cell Response to HIV-1. Journal of virology, 89(1), 110-119.",MHC-peptide-TCR.xlsx.
TRBV28,CASRRQRTDTEAFF,TRBJ1-1,TPRVTGGGAM,CMV,"Miconnet, I., Marrau, A., Farina, A., Taff, P., Vigano, S., Harari, A., & Pantaleo, G. (2011). Large TCR diversity of virus-specific CD8 T cells provides the mechanistic basis for massive TCR renewal after antigen exposure. The Journal of Immunology, 186(12), 7039-7049.",MHC-peptide-TCR.xlsx.
TRBV28,CASRRQRTDAEAFF,TRBJ1-1,TPRVTGGGAM,CMV,"Miconnet, I., Marrau, A., Farina, A., Taff, P., Vigano, S., Harari, A., & Pantaleo, G. (2011). Large TCR diversity of virus-specific CD8 T cells provides the mechanistic basis for massive TCR renewal after antigen exposure. The Journal of Immunology, 186(12), 7039-7049.",MHC-peptide-TCR.xlsx.
TRBV28,CASRHQRTDTEAFF,TRBJ1-1,TPRVTGGGAM,CMV,"Miconnet, I., Marrau, A., Farina, A., Taff, P., Vigano, S., Harari, A., & Pantaleo, G. (2011). Large TCR diversity of virus-specific CD8 T cells provides the mechanistic basis for massive TCR renewal after antigen exposure. The Journal of Immunology, 186(12), 7039-7049.",MHC-peptide-TCR.xlsx.
TRBV28,CASSQRLAGAHEQYF,TRBJ2-7,TPRVTGGGAM,CMV,"Miconnet, I., Marrau, A., Farina, A., Taff, P., Vigano, S., Harari, A., & Pantaleo, G. (2011). Large TCR diversity of virus-specific CD8 T cells provides the mechanistic basis for massive TCR renewal after antigen exposure. The Journal of Immunology, 186(12), 7039-7049.",MHC-peptide-TCR.xlsx.
TRBV29-1,CSVIGGFGTGELFF,TRBJ2-2,TPRVTGGGAM,CMV,"Miconnet, I., Marrau, A., Farina, A., Taff, P., Vigano, S., Harari, A., & Pantaleo, G. (2011). Large TCR diversity of virus-specific CD8 T cells provides the mechanistic basis for massive TCR renewal after antigen exposure. The Journal of Immunology, 186(12), 7039-7049.",MHC-peptide-TCR.xlsx.
TRBV29-1,CSVEERVRGGEQYF,TRBJ2-7,TPRVTGGGAM,CMV,"Miconnet, I., Marrau, A., Farina, A., Taff, P., Vigano, S., Harari, A., & Pantaleo, G. (2011). Large TCR diversity of virus-specific CD8 T cells provides the mechanistic basis for massive TCR renewal after antigen exposure. The Journal of Immunology, 186(12), 7039-7049.",MHC-peptide-TCR.xlsx.
TRBV29-1,CSVEERVWGGEQYF,TRBJ2-7,TPRVTGGGAM,CMV,"Miconnet, I., Marrau, A., Farina, A., Taff, P., Vigano, S., Harari, A., & Pantaleo, G. (2011). Large TCR diversity of virus-specific CD8 T cells provides the mechanistic basis for massive TCR renewal after antigen exposure. The Journal of Immunology, 186(12), 7039-7049.",MHC-peptide-TCR.xlsx.
TRBV7-9,CASSLRQGANTGELFF,TRBJ2-2,TPRVTGGGAM,CMV,"Miconnet, I., Marrau, A., Farina, A., Taff, P., Vigano, S., Harari, A., & Pantaleo, G. (2011). Large TCR diversity of virus-specific CD8 T cells provides the mechanistic basis for massive TCR renewal after antigen exposure. The Journal of Immunology, 186(12), 7039-7049.",MHC-peptide-TCR.xlsx.
TRBV7-9,CASSLRQGANAGELFF,TRBJ2-2,TPRVTGGGAM,CMV,"Miconnet, I., Marrau, A., Farina, A., Taff, P., Vigano, S., Harari, A., & Pantaleo, G. (2011). Large TCR diversity of virus-specific CD8 T cells provides the mechanistic basis for massive TCR renewal after antigen exposure. The Journal of Immunology, 186(12), 7039-7049.",MHC-peptide-TCR.xlsx.
TRBV7-9,CASSLRQGINTGELFF,TRBJ2-2,TPRVTGGGAM,CMV,"Miconnet, I., Marrau, A., Farina, A., Taff, P., Vigano, S., Harari, A., & Pantaleo, G. (2011). Large TCR diversity of virus-specific CD8 T cells provides the mechanistic basis for massive TCR renewal after antigen exposure. The Journal of Immunology, 186(12), 7039-7049.",MHC-peptide-TCR.xlsx.
TRBV7-9,CASSSHDLAGVKSEQFF,TRBJ2-1,TPRVTGGGAM,CMV,"Miconnet, I., Marrau, A., Farina, A., Taff, P., Vigano, S., Harari, A., & Pantaleo, G. (2011). Large TCR diversity of virus-specific CD8 T cells provides the mechanistic basis for massive TCR renewal after antigen exposure. The Journal of Immunology, 186(12), 7039-7049.",MHC-peptide-TCR.xlsx.
TRBV7-9,CASSPPLGSGSGDEKLFF,TRBJ1-4,TPRVTGGGAM,CMV,"Miconnet, I., Marrau, A., Farina, A., Taff, P., Vigano, S., Harari, A., & Pantaleo, G. (2011). Large TCR diversity of virus-specific CD8 T cells provides the mechanistic basis for massive TCR renewal after antigen exposure. The Journal of Immunology, 186(12), 7039-7049.",MHC-peptide-TCR.xlsx.
